ISO-10303-21;
HEADER;
FILE_DESCRIPTION (( 'STEP AP214' ),
    '1' );
FILE_NAME ('4010驱控一体.STEP',
    '2025-11-25T07:30:44',
    ( 'Microsoft' ),
    ( 'Microsoft' ),
    'SwSTEP 2.0',
    'SolidWorks 2018',
    '' );
FILE_SCHEMA (( 'AUTOMOTIVE_DESIGN' ));
ENDSEC;

DATA;
#1 = FACE_OUTER_BOUND ( 'NONE', #1401, .T. ) ;
#2 = PRESENTATION_STYLE_ASSIGNMENT (( #1494 ) ) ;
#3 = DIRECTION ( 'NONE',  ( -0.000000000000000000, -1.000000000000000000, -0.000000000000000000 ) ) ;
#4 = AXIS2_PLACEMENT_3D ( 'NONE', #1053, #1435, #916 ) ;
#5 = EDGE_LOOP ( 'NONE', ( #153, #43, #1346, #1017 ) ) ;
#6 = DIRECTION ( 'NONE',  ( 0.000000000000000000, 1.000000000000000000, 0.000000000000000000 ) ) ;
#7 = EDGE_LOOP ( 'NONE', ( #486, #848, #1538, #772 ) ) ;
#8 = EDGE_LOOP ( 'NONE', ( #1158, #1004, #865, #1154 ) ) ;
#9 = ORIENTED_EDGE ( 'NONE', *, *, #887, .T. ) ;
#10 = VERTEX_POINT ( 'NONE', #445 ) ;
#11 = AXIS2_PLACEMENT_3D ( 'NONE', #1471, #1204, #1467 ) ;
#12 = CYLINDRICAL_SURFACE ( 'NONE', #732, 1.250000000001170397 ) ;
#13 = EDGE_CURVE ( 'NONE', #626, #740, #369, .T. ) ;
#14 = CIRCLE ( 'NONE', #1192, 23.00000000000000000 ) ;
#15 = VECTOR ( 'NONE', #356, 1000.000000000000000 ) ;
#16 = AXIS2_PLACEMENT_3D ( 'NONE', #867, #17, #1233 ) ;
#17 = DIRECTION ( 'NONE',  ( 0.000000000000000000, -1.000000000000000000, 0.000000000000000000 ) ) ;
#18 = DIRECTION ( 'NONE',  ( 0.000000000000000000, 0.000000000000000000, -1.000000000000000000 ) ) ;
#19 = FACE_BOUND ( 'NONE', #1383, .T. ) ;
#20 = EDGE_CURVE ( 'NONE', #420, #755, #21, .T. ) ;
#21 = CIRCLE ( 'NONE', #232, 1.250000000000875300 ) ;
#22 = ORIENTED_EDGE ( 'NONE', *, *, #801, .T. ) ;
#23 = ORIENTED_EDGE ( 'NONE', *, *, #668, .T. ) ;
#24 = CARTESIAN_POINT ( 'NONE',  ( 19.25000000000054001, -9.500000000000001776, -1.249999999999883871 ) ) ;
#25 = EDGE_LOOP ( 'NONE', ( #306, #656, #1222, #602 ) ) ;
#26 = EDGE_LOOP ( 'NONE', ( #1541, #1301 ) ) ;
#27 = DIRECTION ( 'NONE',  ( 0.000000000000000000, 0.000000000000000000, 1.000000000000000000 ) ) ;
#28 = LINE ( 'NONE', #1553, #853 ) ;
#29 = DIRECTION ( 'NONE',  ( -0.000000000000000000, 1.000000000000000000, -0.000000000000000000 ) ) ;
#30 = DIRECTION ( 'NONE',  ( 0.000000000000000000, 0.000000000000000000, -1.000000000000000000 ) ) ;
#31 = DIRECTION ( 'NONE',  ( 0.000000000000000000, -1.000000000000000000, 0.000000000000000000 ) ) ;
#32 = ADVANCED_FACE ( 'NONE', ( #343 ), #716, .F. ) ;
#33 = CARTESIAN_POINT ( 'NONE',  ( 0.000000000000000000, 19.10000000000000142, -11.00000000000000000 ) ) ;
#34 = CIRCLE ( 'NONE', #544, 1.499999999999999556 ) ;
#35 = CIRCLE ( 'NONE', #196, 1.250000000000428546 ) ;
#36 = AXIS2_PLACEMENT_3D ( 'NONE', #90, #698, #1447 ) ;
#37 = LINE ( 'NONE', #1565, #1376 ) ;
#38 = CYLINDRICAL_SURFACE ( 'NONE', #715, 1.500000000000669242 ) ;
#39 = EDGE_CURVE ( 'NONE', #421, #641, #1400, .T. ) ;
#40 = DIRECTION ( 'NONE',  ( -0.000000000000000000, 1.000000000000000000, -0.000000000000000000 ) ) ;
#41 = EDGE_LOOP ( 'NONE', ( #344, #1280, #1238, #1485 ) ) ;
#42 = ORIENTED_EDGE ( 'NONE', *, *, #752, .T. ) ;
#43 = ORIENTED_EDGE ( 'NONE', *, *, #20, .F. ) ;
#44 = AXIS2_PLACEMENT_3D ( 'NONE', #1505, #623, #378 ) ;
#45 = ORIENTED_EDGE ( 'NONE', *, *, #390, .T. ) ;
#46 = DIRECTION ( 'NONE',  ( 0.000000000000000000, 0.000000000000000000, 1.000000000000000000 ) ) ;
#47 = CARTESIAN_POINT ( 'NONE',  ( 0.000000000000000000, 0.000000000000000000, 0.000000000000000000 ) ) ;
#48 = CIRCLE ( 'NONE', #903, 1.250000000000001110 ) ;
#49 = CYLINDRICAL_SURFACE ( 'NONE', #1402, 4.250000000000000000 ) ;
#50 = DIRECTION ( 'NONE',  ( 0.000000000000000000, 0.000000000000000000, -1.000000000000000000 ) ) ;
#51 = AXIS2_PLACEMENT_3D ( 'NONE', #1352, #1492, #1473 ) ;
#52 = DIRECTION ( 'NONE',  ( 0.000000000000000000, -1.000000000000000000, 0.000000000000000000 ) ) ;
#53 = FACE_OUTER_BOUND ( 'NONE', #997, .T. ) ;
#54 = EDGE_LOOP ( 'NONE', ( #1256, #22 ) ) ;
#55 = DIRECTION ( 'NONE',  ( -0.000000000000000000, -1.000000000000000000, -0.000000000000000000 ) ) ;
#56 = ORIENTED_EDGE ( 'NONE', *, *, #1497, .F. ) ;
#57 = UNCERTAINTY_MEASURE_WITH_UNIT (LENGTH_MEASURE( 1.000000000000000082E-05 ), #726, 'distance_accuracy_value', 'NONE');
#58 = VERTEX_POINT ( 'NONE', #744 ) ;
#59 = ORIENTED_EDGE ( 'NONE', *, *, #1262, .T. ) ;
#60 = DIRECTION ( 'NONE',  ( 0.000000000000000000, 0.000000000000000000, 1.000000000000000000 ) ) ;
#61 = EDGE_CURVE ( 'NONE', #1195, #1442, #1481, .T. ) ;
#62 = ORIENTED_EDGE ( 'NONE', *, *, #1373, .T. ) ;
#63 = EDGE_LOOP ( 'NONE', ( #938, #1040, #680, #558 ) ) ;
#64 = CARTESIAN_POINT ( 'NONE',  ( 0.000000000000000000, 7.600000000000003197, 0.000000000000000000 ) ) ;
#65 = AXIS2_PLACEMENT_3D ( 'NONE', #787, #545, #666 ) ;
#66 = DIRECTION ( 'NONE',  ( 0.000000000000000000, 0.000000000000000000, -1.000000000000000000 ) ) ;
#67 = CARTESIAN_POINT ( 'NONE',  ( -19.24999999999945643, -2.400000000000001243, -5.471179065352771431E-13 ) ) ;
#68 = CIRCLE ( 'NONE', #779, 1.250000000001170397 ) ;
#69 = CARTESIAN_POINT ( 'NONE',  ( 6.225833845107639398E-13, 22.10000000000000142, 11.00000000000000000 ) ) ;
#70 = EDGE_CURVE ( 'NONE', #542, #606, #1321, .T. ) ;
#71 = CARTESIAN_POINT ( 'NONE',  ( 0.000000000000000000, -2.400000000000001243, 0.000000000000000000 ) ) ;
#72 = CARTESIAN_POINT ( 'NONE',  ( 0.000000000000000000, -4.000000000000000888, 0.000000000000000000 ) ) ;
#73 = EDGE_CURVE ( 'NONE', #1155, #84, #619, .T. ) ;
#74 = DIRECTION ( 'NONE',  ( -0.000000000000000000, 1.000000000000000000, -0.000000000000000000 ) ) ;
#75 = CIRCLE ( 'NONE', #1549, 4.250000000000000000 ) ;
#76 = VECTOR ( 'NONE', #1066, 1000.000000000000000 ) ;
#77 = DIRECTION ( 'NONE',  ( 0.000000000000000000, 0.000000000000000000, 1.000000000000000000 ) ) ;
#78 = DIRECTION ( 'NONE',  ( 0.000000000000000000, -1.000000000000000000, 0.000000000000000000 ) ) ;
#79 = EDGE_LOOP ( 'NONE', ( #1347, #774 ) ) ;
#80 = ADVANCED_FACE ( 'NONE', ( #1193 ), #1458, .T. ) ;
#81 = DIRECTION ( 'NONE',  ( 0.000000000000000000, 0.000000000000000000, -1.000000000000000000 ) ) ;
#82 = ORIENTED_EDGE ( 'NONE', *, *, #1307, .T. ) ;
#83 = VERTEX_POINT ( 'NONE', #1107 ) ;
#84 = VERTEX_POINT ( 'NONE', #1241 ) ;
#85 = AXIS2_PLACEMENT_3D ( 'NONE', #1313, #1586, #1189 ) ;
#86 = DIRECTION ( 'NONE',  ( 0.000000000000000000, 0.000000000000000000, 1.000000000000000000 ) ) ;
#87 = CARTESIAN_POINT ( 'NONE',  ( 19.25000000000054001, 4.099999999999998757, 1.250000000000973222 ) ) ;
#88 = AXIS2_PLACEMENT_3D ( 'NONE', #1596, #349, #591 ) ;
#89 = EDGE_CURVE ( 'NONE', #1557, #827, #1057, .T. ) ;
#90 = CARTESIAN_POINT ( 'NONE',  ( 0.000000000000000000, 7.600000000000003197, 0.000000000000000000 ) ) ;
#91 = DIRECTION ( 'NONE',  ( 0.000000000000000000, 0.000000000000000000, -1.000000000000000000 ) ) ;
#92 = AXIS2_PLACEMENT_3D ( 'NONE', #187, #833, #1582 ) ;
#93 = CIRCLE ( 'NONE', #889, 23.50000000000000000 ) ;
#94 = DIRECTION ( 'NONE',  ( -0.000000000000000000, -1.000000000000000000, -0.000000000000000000 ) ) ;
#95 = EDGE_LOOP ( 'NONE', ( #248, #981, #978, #1003 ) ) ;
#96 = CARTESIAN_POINT ( 'NONE',  ( 2.816687638038912352E-15, -4.000000000000000888, -23.00000000000000000 ) ) ;
#97 = ORIENTED_EDGE ( 'NONE', *, *, #377, .F. ) ;
#98 = ORIENTED_EDGE ( 'NONE', *, *, #1086, .F. ) ;
#99 = ORIENTED_EDGE ( 'NONE', *, *, #1162, .T. ) ;
#100 = VERTEX_POINT ( 'NONE', #252 ) ;
#101 = DIRECTION ( 'NONE',  ( 0.000000000000000000, 1.000000000000000000, 0.000000000000000000 ) ) ;
#102 = DIRECTION ( 'NONE',  ( 0.000000000000000000, 0.000000000000000000, -1.000000000000000000 ) ) ;
#103 = CARTESIAN_POINT ( 'NONE',  ( 19.25000000000054001, -2.400000000000001243, 5.447604614469185609E-13 ) ) ;
#104 = CARTESIAN_POINT ( 'NONE',  ( 1.836970198721030427E-16, 19.10000000000000142, -12.49999999999999822 ) ) ;
#105 = CYLINDRICAL_SURFACE ( 'NONE', #829, 22.50000000000000355 ) ;
#106 = CARTESIAN_POINT ( 'NONE',  ( 0.000000000000000000, 5.599999999999996092, -23.50000000000000000 ) ) ;
#107 = SURFACE_SIDE_STYLE ('',( #944 ) ) ;
#108 = PLANE ( 'NONE',  #873 ) ;
#109 = CIRCLE ( 'NONE', #987, 23.50000000000000000 ) ;
#110 = PLANE ( 'NONE',  #578 ) ;
#111 = FACE_BOUND ( 'NONE', #1499, .T. ) ;
#112 = ORIENTED_EDGE ( 'NONE', *, *, #638, .T. ) ;
#113 = VERTEX_POINT ( 'NONE', #1362 ) ;
#114 = CARTESIAN_POINT ( 'NONE',  ( 0.000000000000000000, 0.000000000000000000, 0.000000000000000000 ) ) ;
#115 = ORIENTED_EDGE ( 'NONE', *, *, #964, .T. ) ;
#116 = CARTESIAN_POINT ( 'NONE',  ( 0.000000000000000000, 4.099999999999998757, 20.50000000000000000 ) ) ;
#117 = ORIENTED_EDGE ( 'NONE', *, *, #752, .F. ) ;
#118 = DIRECTION ( 'NONE',  ( -0.000000000000000000, 1.000000000000000000, -0.000000000000000000 ) ) ;
#119 = EDGE_LOOP ( 'NONE', ( #1153, #181 ) ) ;
#120 =( GEOMETRIC_REPRESENTATION_CONTEXT ( 3 ) GLOBAL_UNCERTAINTY_ASSIGNED_CONTEXT ( ( #57 ) ) GLOBAL_UNIT_ASSIGNED_CONTEXT ( ( #726, #1476, #235 ) ) REPRESENTATION_CONTEXT ( 'NONE', 'WORKASPACE' ) );
#121 = EDGE_CURVE ( 'NONE', #1180, #1503, #35, .T. ) ;
#122 = FILL_AREA_STYLE_COLOUR ( '', #1015 ) ;
#123 = AXIS2_PLACEMENT_3D ( 'NONE', #1228, #858, #1384 ) ;
#124 = DIRECTION ( 'NONE',  ( -0.000000000000000000, 1.000000000000000000, -0.000000000000000000 ) ) ;
#125 = CONICAL_SURFACE ( 'NONE', #408, 4.750000000000000000, 0.5908115849236165174 ) ;
#126 = AXIS2_PLACEMENT_3D ( 'NONE', #67, #171, #50 ) ;
#127 = ORIENTED_EDGE ( 'NONE', *, *, #964, .F. ) ;
#128 = DIRECTION ( 'NONE',  ( 0.000000000000000000, 0.000000000000000000, -1.000000000000000000 ) ) ;
#129 = ORIENTED_EDGE ( 'NONE', *, *, #1219, .F. ) ;
#130 = ORIENTED_EDGE ( 'NONE', *, *, #1237, .T. ) ;
#131 = VERTEX_POINT ( 'NONE', #244 ) ;
#132 = ORIENTED_EDGE ( 'NONE', *, *, #1194, .F. ) ;
#133 = DIRECTION ( 'NONE',  ( 0.000000000000000000, 0.000000000000000000, -1.000000000000000000 ) ) ;
#134 = ORIENTED_EDGE ( 'NONE', *, *, #646, .T. ) ;
#135 = PLANE ( 'NONE',  #1265 ) ;
#136 = CARTESIAN_POINT ( 'NONE',  ( 11.00000000000030909, 19.10000000000000142, -3.112916922553819194E-13 ) ) ;
#137 = AXIS2_PLACEMENT_3D ( 'NONE', #33, #265, #1268 ) ;
#138 = EDGE_CURVE ( 'NONE', #268, #756, #1172, .T. ) ;
#139 = DIRECTION ( 'NONE',  ( 0.000000000000000000, -0.000000000000000000, 1.000000000000000000 ) ) ;
#140 = LINE ( 'NONE', #940, #1095 ) ;
#141 = AXIS2_PLACEMENT_3D ( 'NONE', #197, #822, #708 ) ;
#142 = DIRECTION ( 'NONE',  ( -0.000000000000000000, 1.000000000000000000, -0.000000000000000000 ) ) ;
#143 = CARTESIAN_POINT ( 'NONE',  ( 2.755455298081545172E-15, 4.099999999999999645, 22.50000000000000355 ) ) ;
#144 = FACE_BOUND ( 'NONE', #1581, .T. ) ;
#145 = EDGE_CURVE ( 'NONE', #83, #1423, #180, .T. ) ;
#146 = CIRCLE ( 'NONE', #220, 1.250000000001170397 ) ;
#147 = ORIENTED_EDGE ( 'NONE', *, *, #552, .F. ) ;
#148 = CARTESIAN_POINT ( 'NONE',  ( 0.000000000000000000, 0.000000000000000000, 0.000000000000000000 ) ) ;
#149 = EDGE_CURVE ( 'NONE', #606, #10, #821, .T. ) ;
#150 = EDGE_LOOP ( 'NONE', ( #792, #807, #1178, #934 ) ) ;
#151 = CARTESIAN_POINT ( 'NONE',  ( 1.089520922893837122E-12, -9.500000000000001776, -17.99999999999883116 ) ) ;
#152 = ORIENTED_EDGE ( 'NONE', *, *, #764, .F. ) ;
#153 = ORIENTED_EDGE ( 'NONE', *, *, #725, .F. ) ;
#154 = AXIS2_PLACEMENT_3D ( 'NONE', #942, #1090, #1334 ) ;
#155 = CARTESIAN_POINT ( 'NONE',  ( 0.000000000000000000, 4.099999999999999645, 0.000000000000000000 ) ) ;
#156 = DIRECTION ( 'NONE',  ( 0.000000000000000000, -0.000000000000000000, -1.000000000000000000 ) ) ;
#157 = DIRECTION ( 'NONE',  ( -0.000000000000000000, -1.000000000000000000, -0.000000000000000000 ) ) ;
#158 = CIRCLE ( 'NONE', #1462, 1.500000000000499378 ) ;
#159 = CIRCLE ( 'NONE', #1386, 1.250000000000001110 ) ;
#160 = AXIS2_PLACEMENT_3D ( 'NONE', #771, #529, #1397 ) ;
#161 = EDGE_LOOP ( 'NONE', ( #881, #941 ) ) ;
#162 = EDGE_CURVE ( 'NONE', #1234, #58, #653, .T. ) ;
#163 = CARTESIAN_POINT ( 'NONE',  ( -19.24999999999945643, -9.500000000000001776, -1.250000000001422418 ) ) ;
#164 = EDGE_LOOP ( 'NONE', ( #1366, #1302 ) ) ;
#165 = ORIENTED_EDGE ( 'NONE', *, *, #1574, .F. ) ;
#166 = EDGE_LOOP ( 'NONE', ( #960, #1555 ) ) ;
#167 = AXIS2_PLACEMENT_3D ( 'NONE', #627, #374, #510 ) ;
#168 = ORIENTED_EDGE ( 'NONE', *, *, #138, .T. ) ;
#169 = MANIFOLD_SOLID_BREP ( '凸台-拉伸3', #808 ) ;
#170 = DIRECTION ( 'NONE',  ( -0.000000000000000000, -1.000000000000000000, -0.000000000000000000 ) ) ;
#171 = DIRECTION ( 'NONE',  ( 0.000000000000000000, -1.000000000000000000, 0.000000000000000000 ) ) ;
#172 = CARTESIAN_POINT ( 'NONE',  ( 0.000000000000000000, 7.600000000000003197, -22.50000000000000355 ) ) ;
#173 = CYLINDRICAL_SURFACE ( 'NONE', #413, 1.250000000000875300 ) ;
#174 = EDGE_CURVE ( 'NONE', #1062, #1081, #535, .T. ) ;
#175 = CARTESIAN_POINT ( 'NONE',  ( 5.204748896376250699E-16, 4.100000000000003197, -4.250000000000000000 ) ) ;
#176 = AXIS2_PLACEMENT_3D ( 'NONE', #236, #836, #1477 ) ;
#177 = CARTESIAN_POINT ( 'NONE',  ( 0.000000000000000000, 22.10000000000000497, 0.000000000000000000 ) ) ;
#178 = CARTESIAN_POINT ( 'NONE',  ( 0.000000000000000000, 4.100000000000003197, 4.250000000000000000 ) ) ;
#179 = CIRCLE ( 'NONE', #1150, 1.500000000000243583 ) ;
#180 = CIRCLE ( 'NONE', #167, 7.500000000000003553 ) ;
#181 = ORIENTED_EDGE ( 'NONE', *, *, #368, .F. ) ;
#182 = ORIENTED_EDGE ( 'NONE', *, *, #590, .F. ) ;
#183 = DIRECTION ( 'NONE',  ( 0.000000000000000000, 0.000000000000000000, 1.000000000000000000 ) ) ;
#184 = CARTESIAN_POINT ( 'NONE',  ( 11.00000000000030909, 19.10000000000000142, -3.112916922553819194E-13 ) ) ;
#185 = VERTEX_POINT ( 'NONE', #634 ) ;
#186 = VERTEX_POINT ( 'NONE', #1408 ) ;
#187 = CARTESIAN_POINT ( 'NONE',  ( 0.000000000000000000, 0.000000000000000000, 0.000000000000000000 ) ) ;
#188 = ADVANCED_FACE ( 'NONE', ( #199 ), #979, .T. ) ;
#189 = CARTESIAN_POINT ( 'NONE',  ( 0.000000000000000000, -2.400000000000001243, 20.50000000000000000 ) ) ;
#190 = DIRECTION ( 'NONE',  ( -0.000000000000000000, -1.000000000000000000, -0.000000000000000000 ) ) ;
#191 =( GEOMETRIC_REPRESENTATION_CONTEXT ( 3 ) GLOBAL_UNCERTAINTY_ASSIGNED_CONTEXT ( ( #799 ) ) GLOBAL_UNIT_ASSIGNED_CONTEXT ( ( #1225, #1356, #1351 ) ) REPRESENTATION_CONTEXT ( 'NONE', 'WORKASPACE' ) );
#192 = FACE_OUTER_BOUND ( 'NONE', #1554, .T. ) ;
#193 = EDGE_CURVE ( 'NONE', #208, #1446, #1101, .T. ) ;
#194 = DIRECTION ( 'NONE',  ( 0.000000000000000000, 1.000000000000000000, 0.000000000000000000 ) ) ;
#195 = ADVANCED_FACE ( 'NONE', ( #976 ), #321, .T. ) ;
#196 = AXIS2_PLACEMENT_3D ( 'NONE', #1490, #370, #133 ) ;
#197 = CARTESIAN_POINT ( 'NONE',  ( 0.000000000000000000, -2.400000000000001243, 0.000000000000000000 ) ) ;
#198 = FACE_OUTER_BOUND ( 'NONE', #868, .T. ) ;
#199 = FACE_OUTER_BOUND ( 'NONE', #325, .T. ) ;
#200 = DIRECTION ( 'NONE',  ( -0.000000000000000000, 1.000000000000000000, -0.000000000000000000 ) ) ;
#201 = ORIENTED_EDGE ( 'NONE', *, *, #414, .F. ) ;
#202 = DIRECTION ( 'NONE',  ( -0.000000000000000000, -1.000000000000000000, -0.000000000000000000 ) ) ;
#203 = ORIENTED_EDGE ( 'NONE', *, *, #456, .F. ) ;
#204 = EDGE_CURVE ( 'NONE', #207, #660, #400, .T. ) ;
#205 = ORIENTED_EDGE ( 'NONE', *, *, #121, .T. ) ;
#206 = ORIENTED_EDGE ( 'NONE', *, *, #218, .F. ) ;
#207 = VERTEX_POINT ( 'NONE', #143 ) ;
#208 = VERTEX_POINT ( 'NONE', #1008 ) ;
#209 = CARTESIAN_POINT ( 'NONE',  ( 0.000000000000000000, -2.400000000000001243, 19.25000000000000000 ) ) ;
#210 = AXIS2_PLACEMENT_3D ( 'NONE', #487, #468, #1612 ) ;
#211 = DIRECTION ( 'NONE',  ( 0.000000000000000000, -1.000000000000000000, -0.000000000000000000 ) ) ;
#212 = DIRECTION ( 'NONE',  ( -0.000000000000000000, 1.000000000000000000, -0.000000000000000000 ) ) ;
#213 = LINE ( 'NONE', #1394, #1009 ) ;
#214 = CARTESIAN_POINT ( 'NONE',  ( 0.000000000000000000, -4.000000000000000888, 19.25000000000000000 ) ) ;
#215 = DIRECTION ( 'NONE',  ( -0.000000000000000000, 1.000000000000000000, -0.000000000000000000 ) ) ;
#216 = AXIS2_PLACEMENT_3D ( 'NONE', #396, #650, #274 ) ;
#217 = DIRECTION ( 'NONE',  ( 0.000000000000000000, 1.000000000000000000, 0.000000000000000000 ) ) ;
#218 = EDGE_CURVE ( 'NONE', #366, #268, #770, .T. ) ;
#219 = DIRECTION ( 'NONE',  ( 0.000000000000000000, 0.000000000000000000, 1.000000000000000000 ) ) ;
#220 = AXIS2_PLACEMENT_3D ( 'NONE', #777, #409, #1270 ) ;
#221 = CIRCLE ( 'NONE', #1353, 22.50000000000000355 ) ;
#222 = CARTESIAN_POINT ( 'NONE',  ( 19.25000000000054001, -9.500000000000001776, 1.250000000000973222 ) ) ;
#223 = DIRECTION ( 'NONE',  ( 0.000000000000000000, 0.000000000000000000, -1.000000000000000000 ) ) ;
#224 = EDGE_LOOP ( 'NONE', ( #1604, #1486 ) ) ;
#225 = DIRECTION ( 'NONE',  ( 0.000000000000000000, 0.000000000000000000, 1.000000000000000000 ) ) ;
#226 = DIRECTION ( 'NONE',  ( 0.000000000000000000, 0.000000000000000000, -1.000000000000000000 ) ) ;
#227 = ORIENTED_EDGE ( 'NONE', *, *, #1318, .T. ) ;
#228 = EDGE_LOOP ( 'NONE', ( #537, #1151, #459, #719 ) ) ;
#229 = EDGE_LOOP ( 'NONE', ( #525, #466 ) ) ;
#230 = EDGE_CURVE ( 'NONE', #735, #1081, #892, .T. ) ;
#231 = DIRECTION ( 'NONE',  ( -0.000000000000000000, 1.000000000000000000, -0.000000000000000000 ) ) ;
#232 = AXIS2_PLACEMENT_3D ( 'NONE', #441, #423, #1368 ) ;
#233 = VECTOR ( 'NONE', #270, 1000.000000000000000 ) ;
#234 = CARTESIAN_POINT ( 'NONE',  ( 0.000000000000000000, 8.100000000000003197, 0.000000000000000000 ) ) ;
#235 =( NAMED_UNIT ( * ) SI_UNIT ( $, .STERADIAN. ) SOLID_ANGLE_UNIT ( ) );
#236 = CARTESIAN_POINT ( 'NONE',  ( -19.24999999999945643, 4.099999999999998757, -5.471179065352771431E-13 ) ) ;
#237 = SURFACE_SIDE_STYLE ('',( #956 ) ) ;
#238 = FACE_BOUND ( 'NONE', #775, .T. ) ;
#239 = AXIS2_PLACEMENT_3D ( 'NONE', #731, #1208, #1488 ) ;
#240 = DIRECTION ( 'NONE',  ( 0.000000000000000000, -1.000000000000000000, 0.000000000000000000 ) ) ;
#241 = CIRCLE ( 'NONE', #372, 1.250000000000428546 ) ;
#242 = EDGE_LOOP ( 'NONE', ( #129, #286 ) ) ;
#243 = ORIENTED_EDGE ( 'NONE', *, *, #251, .F. ) ;
#244 = CARTESIAN_POINT ( 'NONE',  ( 0.000000000000000000, 8.100000000000003197, -22.50000000000000355 ) ) ;
#245 = ORIENTED_EDGE ( 'NONE', *, *, #905, .F. ) ;
#246 = ORIENTED_EDGE ( 'NONE', *, *, #70, .F. ) ;
#247 = DIRECTION ( 'NONE',  ( 0.000000000000000000, 0.000000000000000000, -1.000000000000000000 ) ) ;
#248 = ORIENTED_EDGE ( 'NONE', *, *, #670, .F. ) ;
#249 = ORIENTED_EDGE ( 'NONE', *, *, #1171, .F. ) ;
#250 = AXIS2_PLACEMENT_3D ( 'NONE', #559, #793, #1034 ) ;
#251 = EDGE_CURVE ( 'NONE', #284, #438, #600, .T. ) ;
#252 = CARTESIAN_POINT ( 'NONE',  ( 11.00000000000030909, 22.10000000000000142, 1.499999999999932054 ) ) ;
#253 = CARTESIAN_POINT ( 'NONE',  ( -19.24999999999945643, 4.099999999999998757, -5.471179065352771431E-13 ) ) ;
#254 = AXIS2_PLACEMENT_3D ( 'NONE', #818, #595, #336 ) ;
#255 = LINE ( 'NONE', #1319, #530 ) ;
#256 = DIRECTION ( 'NONE',  ( 0.000000000000000000, 0.000000000000000000, -1.000000000000000000 ) ) ;
#257 = CARTESIAN_POINT ( 'NONE',  ( 0.000000000000000000, -9.500000000000001776, 19.25000000000000000 ) ) ;
#258 = EDGE_CURVE ( 'NONE', #900, #1059, #241, .T. ) ;
#259 = FACE_BOUND ( 'NONE', #281, .T. ) ;
#260 = CARTESIAN_POINT ( 'NONE',  ( 0.000000000000000000, 8.100000000000003197, 0.000000000000000000 ) ) ;
#261 = AXIS2_PLACEMENT_3D ( 'NONE', #103, #1606, #965 ) ;
#262 = FACE_OUTER_BOUND ( 'NONE', #1421, .T. ) ;
#263 = DIRECTION ( 'NONE',  ( -0.000000000000000000, 1.000000000000000000, -0.000000000000000000 ) ) ;
#264 = EDGE_LOOP ( 'NONE', ( #1464, #522, #1465, #404 ) ) ;
#265 = DIRECTION ( 'NONE',  ( 0.000000000000000000, 1.000000000000000000, 0.000000000000000000 ) ) ;
#266 = ORIENTED_EDGE ( 'NONE', *, *, #278, .F. ) ;
#267 = ORIENTED_EDGE ( 'NONE', *, *, #204, .T. ) ;
#268 = VERTEX_POINT ( 'NONE', #275 ) ;
#269 = ADVANCED_FACE ( 'NONE', ( #1599 ), #1255, .T. ) ;
#270 = DIRECTION ( 'NONE',  ( -0.000000000000000000, 1.000000000000000000, -0.000000000000000000 ) ) ;
#271 = DIRECTION ( 'NONE',  ( 0.000000000000000000, -1.000000000000000000, 0.000000000000000000 ) ) ;
#272 = VECTOR ( 'NONE', #29, 1000.000000000000000 ) ;
#273 = CIRCLE ( 'NONE', #661, 1.250000000000428546 ) ;
#274 = DIRECTION ( 'NONE',  ( 0.000000000000000000, 0.000000000000000000, -1.000000000000000000 ) ) ;
#275 = CARTESIAN_POINT ( 'NONE',  ( 0.000000000000000000, 21.60000000000000497, -23.50000000000000000 ) ) ;
#276 = CIRCLE ( 'NONE', #1295, 1.250000000000001110 ) ;
#277 = FACE_BOUND ( 'NONE', #1198, .T. ) ;
#278 = EDGE_CURVE ( 'NONE', #860, #844, #146, .T. ) ;
#279 = FACE_OUTER_BOUND ( 'NONE', #1119, .T. ) ;
#280 = DIRECTION ( 'NONE',  ( 0.000000000000000000, -1.000000000000000000, 0.000000000000000000 ) ) ;
#281 = EDGE_LOOP ( 'NONE', ( #147, #917 ) ) ;
#282 = DIRECTION ( 'NONE',  ( 0.000000000000000000, -0.000000000000000000, 1.000000000000000000 ) ) ;
#283 = AXIS2_PLACEMENT_3D ( 'NONE', #640, #1514, #27 ) ;
#284 = VERTEX_POINT ( 'NONE', #1144 ) ;
#285 = ORIENTED_EDGE ( 'NONE', *, *, #790, .F. ) ;
#286 = ORIENTED_EDGE ( 'NONE', *, *, #1489, .F. ) ;
#287 = DIRECTION ( 'NONE',  ( 0.000000000000000000, 0.000000000000000000, -1.000000000000000000 ) ) ;
#288 = ORIENTED_EDGE ( 'NONE', *, *, #1292, .T. ) ;
#289 = CARTESIAN_POINT ( 'NONE',  ( -19.24999999999945643, -9.500000000000001776, 1.250000000000328404 ) ) ;
#290 = CARTESIAN_POINT ( 'NONE',  ( 0.000000000000000000, 19.10000000000000142, -11.00000000000000000 ) ) ;
#291 = EDGE_CURVE ( 'NONE', #1199, #131, #575, .T. ) ;
#292 = CIRCLE ( 'NONE', #337, 1.500000000000669242 ) ;
#293 = CARTESIAN_POINT ( 'NONE',  ( 1.089674003743730623E-12, -9.500000000000001776, -20.50000000000116884 ) ) ;
#294 = CYLINDRICAL_SURFACE ( 'NONE', #300, 4.250000000000000000 ) ;
#295 = AXIS2_PLACEMENT_3D ( 'NONE', #982, #240, #226 ) ;
#296 = DIRECTION ( 'NONE',  ( 0.000000000000000000, -1.000000000000000000, 0.000000000000000000 ) ) ;
#297 = CARTESIAN_POINT ( 'NONE',  ( -19.24999999999945643, -2.400000000000001243, 1.250000000000328404 ) ) ;
#298 = CARTESIAN_POINT ( 'NONE',  ( -10.99999999999968914, 19.10000000000000142, -1.500000000000186740 ) ) ;
#299 = FACE_BOUND ( 'NONE', #166, .T. ) ;
#300 = AXIS2_PLACEMENT_3D ( 'NONE', #667, #1431, #1305 ) ;
#301 = CIRCLE ( 'NONE', #594, 23.00000000000000000 ) ;
#302 = CARTESIAN_POINT ( 'NONE',  ( -10.99999999999968914, 19.10000000000000142, 3.126388037344440818E-13 ) ) ;
#303 = EDGE_CURVE ( 'NONE', #366, #557, #301, .T. ) ;
#304 = ORIENTED_EDGE ( 'NONE', *, *, #426, .F. ) ;
#305 = DIRECTION ( 'NONE',  ( 0.000000000000000000, 1.000000000000000000, 0.000000000000000000 ) ) ;
#306 = ORIENTED_EDGE ( 'NONE', *, *, #505, .F. ) ;
#307 = AXIS2_PLACEMENT_3D ( 'NONE', #148, #1013, #1137 ) ;
#308 = ORIENTED_EDGE ( 'NONE', *, *, #764, .T. ) ;
#309 = ADVANCED_FACE ( 'NONE', ( #262 ), #911, .T. ) ;
#310 = ORIENTED_EDGE ( 'NONE', *, *, #1250, .T. ) ;
#311 = DIRECTION ( 'NONE',  ( 0.000000000000000000, 0.000000000000000000, 1.000000000000000000 ) ) ;
#312 = LINE ( 'NONE', #1016, #233 ) ;
#313 = EDGE_CURVE ( 'NONE', #386, #863, #1575, .T. ) ;
#314 = CYLINDRICAL_SURFACE ( 'NONE', #919, 1.250000000000428546 ) ;
#315 = DIRECTION ( 'NONE',  ( 0.000000000000000000, 0.000000000000000000, 1.000000000000000000 ) ) ;
#316 = CYLINDRICAL_SURFACE ( 'NONE', #380, 23.00000000000000000 ) ;
#317 = DIRECTION ( 'NONE',  ( -0.000000000000000000, 1.000000000000000000, -0.000000000000000000 ) ) ;
#318 = ADVANCED_FACE ( 'NONE', ( #1148 ), #1215, .T. ) ;
#319 = CIRCLE ( 'NONE', #1529, 1.250000000001170397 ) ;
#320 = DIRECTION ( 'NONE',  ( -0.000000000000000000, 1.000000000000000000, -0.000000000000000000 ) ) ;
#321 = CYLINDRICAL_SURFACE ( 'NONE', #283, 1.250000000001170397 ) ;
#322 = CARTESIAN_POINT ( 'NONE',  ( 0.000000000000000000, 22.10000000000000497, 0.000000000000000000 ) ) ;
#323 = EDGE_LOOP ( 'NONE', ( #1175, #134, #112, #383 ) ) ;
#324 = ADVANCED_FACE ( 'NONE', ( #857, #279 ), #920, .T. ) ;
#325 = EDGE_LOOP ( 'NONE', ( #115, #1605 ) ) ;
#326 = DIRECTION ( 'NONE',  ( 0.000000000000000000, 0.000000000000000000, 1.000000000000000000 ) ) ;
#327 = DIRECTION ( 'NONE',  ( -0.000000000000000000, -1.000000000000000000, -0.000000000000000000 ) ) ;
#328 = AXIS2_PLACEMENT_3D ( 'NONE', #568, #320, #1329 ) ;
#329 = ORIENTED_EDGE ( 'NONE', *, *, #743, .T. ) ;
#330 = EDGE_LOOP ( 'NONE', ( #489, #1284 ) ) ;
#331 = CARTESIAN_POINT ( 'NONE',  ( 0.000000000000000000, -2.400000000000001243, 20.50000000000000000 ) ) ;
#332 = VERTEX_POINT ( 'NONE', #678 ) ;
#333 = CARTESIAN_POINT ( 'NONE',  ( 19.25000000000054001, -9.500000000000001776, 5.447604614469185609E-13 ) ) ;
#334 = CARTESIAN_POINT ( 'NONE',  ( 0.000000000000000000, 19.10000000000000142, -11.00000000000000000 ) ) ;
#335 = ADVANCED_FACE ( 'NONE', ( #877 ), #912, .T. ) ;
#336 = DIRECTION ( 'NONE',  ( 0.000000000000000000, 0.000000000000000000, -1.000000000000000000 ) ) ;
#337 = AXIS2_PLACEMENT_3D ( 'NONE', #1196, #194, #326 ) ;
#338 = FACE_BOUND ( 'NONE', #79, .T. ) ;
#339 = EDGE_CURVE ( 'NONE', #1133, #185, #1532, .T. ) ;
#340 = AXIS2_PLACEMENT_3D ( 'NONE', #1303, #1048, #1543 ) ;
#341 = PLANE ( 'NONE',  #1288 ) ;
#342 = DIRECTION ( 'NONE',  ( 0.000000000000000000, 0.000000000000000000, -1.000000000000000000 ) ) ;
#343 = FACE_OUTER_BOUND ( 'NONE', #402, .T. ) ;
#344 = ORIENTED_EDGE ( 'NONE', *, *, #1065, .F. ) ;
#345 = EDGE_CURVE ( 'NONE', #420, #208, #1515, .T. ) ;
#346 = ORIENTED_EDGE ( 'NONE', *, *, #473, .F. ) ;
#347 = CARTESIAN_POINT ( 'NONE',  ( 11.00000000000030909, 22.10000000000000142, -1.500000000000554889 ) ) ;
#348 = ORIENTED_EDGE ( 'NONE', *, *, #456, .T. ) ;
#349 = DIRECTION ( 'NONE',  ( -0.000000000000000000, 1.000000000000000000, -0.000000000000000000 ) ) ;
#350 = EDGE_LOOP ( 'NONE', ( #440, #1039, #1106, #1438 ) ) ;
#351 = AXIS2_PLACEMENT_3D ( 'NONE', #1432, #1546, #432 ) ;
#352 = CARTESIAN_POINT ( 'NONE',  ( -19.24999999999945643, -9.500000000000001776, -5.471179065352771431E-13 ) ) ;
#353 = DIRECTION ( 'NONE',  ( 0.000000000000000000, -0.000000000000000000, 1.000000000000000000 ) ) ;
#354 = DIRECTION ( 'NONE',  ( -0.000000000000000000, -1.000000000000000000, -0.000000000000000000 ) ) ;
#355 = CIRCLE ( 'NONE', #501, 1.250000000000428546 ) ;
#356 = DIRECTION ( 'NONE',  ( -0.000000000000000000, 1.000000000000000000, -0.000000000000000000 ) ) ;
#357 = CARTESIAN_POINT ( 'NONE',  ( 1.089520922893837122E-12, 4.099999999999998757, -17.99999999999883116 ) ) ;
#358 = APPLICATION_PROTOCOL_DEFINITION ( 'draft international standard', 'automotive_design', 1998, #968 ) ;
#359 = CARTESIAN_POINT ( 'NONE',  ( 23.00000000000000000, 22.10000000000000142, 0.000000000000000000 ) ) ;
#360 = FACE_OUTER_BOUND ( 'NONE', #150, .T. ) ;
#361 = FACE_BOUND ( 'NONE', #439, .T. ) ;
#362 = DIRECTION ( 'NONE',  ( -0.000000000000000000, -1.000000000000000000, -0.000000000000000000 ) ) ;
#363 = VECTOR ( 'NONE', #1246, 1000.000000000000000 ) ;
#364 = CARTESIAN_POINT ( 'NONE',  ( -10.99999999999968914, 19.10000000000000142, 3.126388037344440818E-13 ) ) ;
#365 = ORIENTED_EDGE ( 'NONE', *, *, #70, .T. ) ;
#366 = VERTEX_POINT ( 'NONE', #417 ) ;
#367 = ORIENTED_EDGE ( 'NONE', *, *, #670, .T. ) ;
#368 = EDGE_CURVE ( 'NONE', #1442, #1195, #497, .T. ) ;
#369 = CIRCLE ( 'NONE', #1429, 1.500000000000243583 ) ;
#370 = DIRECTION ( 'NONE',  ( 0.000000000000000000, -1.000000000000000000, 0.000000000000000000 ) ) ;
#371 = EDGE_LOOP ( 'NONE', ( #1343, #203, #883, #205 ) ) ;
#372 = AXIS2_PLACEMENT_3D ( 'NONE', #1534, #271, #1018 ) ;
#373 = FACE_OUTER_BOUND ( 'NONE', #918, .T. ) ;
#374 = DIRECTION ( 'NONE',  ( -0.000000000000000000, -1.000000000000000000, -0.000000000000000000 ) ) ;
#375 = VECTOR ( 'NONE', #422, 1000.000000000000000 ) ;
#376 = DIRECTION ( 'NONE',  ( 0.000000000000000000, -0.000000000000000000, -1.000000000000000000 ) ) ;
#377 = EDGE_CURVE ( 'NONE', #655, #1583, #555, .T. ) ;
#378 = DIRECTION ( 'NONE',  ( 0.000000000000000000, 0.000000000000000000, -1.000000000000000000 ) ) ;
#379 = ADVANCED_FACE ( 'NONE', ( #1437 ), #1296, .T. ) ;
#380 = AXIS2_PLACEMENT_3D ( 'NONE', #854, #118, #1229 ) ;
#381 = DIRECTION ( 'NONE',  ( 0.000000000000000000, 0.000000000000000000, 1.000000000000000000 ) ) ;
#382 = FACE_OUTER_BOUND ( 'NONE', #901, .T. ) ;
#383 = ORIENTED_EDGE ( 'NONE', *, *, #39, .F. ) ;
#384 = ORIENTED_EDGE ( 'NONE', *, *, #1559, .F. ) ;
#385 = CARTESIAN_POINT ( 'NONE',  ( 0.000000000000000000, 5.599999999999996092, 0.000000000000000000 ) ) ;
#386 = VERTEX_POINT ( 'NONE', #172 ) ;
#387 = EDGE_LOOP ( 'NONE', ( #98, #1483, #563, #304 ) ) ;
#388 = ORIENTED_EDGE ( 'NONE', *, *, #73, .F. ) ;
#389 = EDGE_LOOP ( 'NONE', ( #1203, #561 ) ) ;
#390 = EDGE_CURVE ( 'NONE', #1081, #1062, #158, .T. ) ;
#391 =( LENGTH_UNIT ( ) NAMED_UNIT ( * ) SI_UNIT ( .MILLI., .METRE. ) );
#392 = VECTOR ( 'NONE', #603, 1000.000000000000000 ) ;
#393 = VECTOR ( 'NONE', #460, 1000.000000000000000 ) ;
#394 = DIRECTION ( 'NONE',  ( 0.000000000000000000, -1.000000000000000000, 0.000000000000000000 ) ) ;
#395 = DIRECTION ( 'NONE',  ( 0.000000000000000000, 1.000000000000000000, 0.000000000000000000 ) ) ;
#396 = CARTESIAN_POINT ( 'NONE',  ( 0.000000000000000000, 0.000000000000000000, 0.000000000000000000 ) ) ;
#397 = EDGE_CURVE ( 'NONE', #1064, #913, #842, .T. ) ;
#398 = VECTOR ( 'NONE', #317, 1000.000000000000000 ) ;
#399 = AXIS2_PLACEMENT_3D ( 'NONE', #64, #431, #902 ) ;
#400 = CIRCLE ( 'NONE', #975, 22.50000000000000355 ) ;
#401 = CARTESIAN_POINT ( 'NONE',  ( -19.24999999999945643, -9.500000000000001776, -5.471179065352771431E-13 ) ) ;
#402 = EDGE_LOOP ( 'NONE', ( #249, #182, #288, #658 ) ) ;
#403 = CARTESIAN_POINT ( 'NONE',  ( 6.225833845107639398E-13, 19.10000000000000142, 12.50000000000066791 ) ) ;
#404 = ORIENTED_EDGE ( 'NONE', *, *, #258, .T. ) ;
#405 = EDGE_LOOP ( 'NONE', ( #894, #165 ) ) ;
#406 = CARTESIAN_POINT ( 'NONE',  ( 6.225833845107639398E-13, 19.10000000000000142, 11.00000000000000000 ) ) ;
#407 = ORIENTED_EDGE ( 'NONE', *, *, #905, .T. ) ;
#408 = AXIS2_PLACEMENT_3D ( 'NONE', #114, #1354, #609 ) ;
#409 = DIRECTION ( 'NONE',  ( 0.000000000000000000, -1.000000000000000000, 0.000000000000000000 ) ) ;
#410 = VECTOR ( 'NONE', #354, 1000.000000000000000 ) ;
#411 = CARTESIAN_POINT ( 'NONE',  ( 0.000000000000000000, 4.100000000000003197, 0.000000000000000000 ) ) ;
#412 = DIRECTION ( 'NONE',  ( 0.000000000000000000, -0.000000000000000000, 1.000000000000000000 ) ) ;
#413 = AXIS2_PLACEMENT_3D ( 'NONE', #1263, #40, #1028 ) ;
#414 = EDGE_CURVE ( 'NONE', #699, #1360, #435, .T. ) ;
#415 = CIRCLE ( 'NONE', #418, 23.00000000000000000 ) ;
#416 = EDGE_LOOP ( 'NONE', ( #1327, #42, #1261, #1220 ) ) ;
#417 = CARTESIAN_POINT ( 'NONE',  ( 0.000000000000000000, 22.10000000000000497, -23.00000000000000000 ) ) ;
#418 = AXIS2_PLACEMENT_3D ( 'NONE', #322, #202, #1182 ) ;
#419 = ORIENTED_EDGE ( 'NONE', *, *, #971, .T. ) ;
#420 = VERTEX_POINT ( 'NONE', #1038 ) ;
#421 = VERTEX_POINT ( 'NONE', #1310 ) ;
#422 = DIRECTION ( 'NONE',  ( -0.000000000000000000, 1.000000000000000000, -0.000000000000000000 ) ) ;
#423 = DIRECTION ( 'NONE',  ( 0.000000000000000000, -1.000000000000000000, 0.000000000000000000 ) ) ;
#424 = ORIENTED_EDGE ( 'NONE', *, *, #1518, .T. ) ;
#425 = CARTESIAN_POINT ( 'NONE',  ( 22.50000000000000355, 7.600000000000003197, 0.000000000000000000 ) ) ;
#426 = EDGE_CURVE ( 'NONE', #1155, #860, #1275, .T. ) ;
#427 = PLANE ( 'NONE',  #1140 ) ;
#428 = ADVANCED_FACE ( 'NONE', ( #111, #1399, #1358, #361, #520 ), #341, .T. ) ;
#429 = LINE ( 'NONE', #959, #727 ) ;
#430 = AXIS2_PLACEMENT_3D ( 'NONE', #604, #1259, #991 ) ;
#431 = DIRECTION ( 'NONE',  ( -0.000000000000000000, -1.000000000000000000, -0.000000000000000000 ) ) ;
#432 = DIRECTION ( 'NONE',  ( 0.000000000000000000, 0.000000000000000000, 1.000000000000000000 ) ) ;
#433 = CIRCLE ( 'NONE', #141, 23.00000000000000000 ) ;
#434 = ADVANCED_FACE ( 'NONE', ( #1054 ), #633, .T. ) ;
#435 = CIRCLE ( 'NONE', #1030, 4.750000000000000000 ) ;
#436 = DIRECTION ( 'NONE',  ( 0.000000000000000000, 0.000000000000000000, -1.000000000000000000 ) ) ;
#437 = EDGE_LOOP ( 'NONE', ( #1535, #1601 ) ) ;
#438 = VERTEX_POINT ( 'NONE', #587 ) ;
#439 = EDGE_LOOP ( 'NONE', ( #243, #1242 ) ) ;
#440 = ORIENTED_EDGE ( 'NONE', *, *, #552, .T. ) ;
#441 = CARTESIAN_POINT ( 'NONE',  ( -19.24999999999945643, -9.500000000000001776, -5.471179065352771431E-13 ) ) ;
#442 = ADVANCED_FACE ( 'NONE', ( #476 ), #651, .T. ) ;
#443 = CARTESIAN_POINT ( 'NONE',  ( 0.000000000000000000, 7.600000000000003197, 0.000000000000000000 ) ) ;
#444 = AXIS2_PLACEMENT_3D ( 'NONE', #654, #773, #46 ) ;
#445 = CARTESIAN_POINT ( 'NONE',  ( 2.877919977996280320E-15, 5.599999999999996092, 23.50000000000000000 ) ) ;
#446 = FACE_OUTER_BOUND ( 'NONE', #1542, .T. ) ;
#447 = EDGE_CURVE ( 'NONE', #1339, #607, #1052, .T. ) ;
#448 = CARTESIAN_POINT ( 'NONE',  ( 6.225833845107639398E-13, 19.10000000000000142, 11.00000000000000000 ) ) ;
#449 = DIRECTION ( 'NONE',  ( 0.000000000000000000, -1.000000000000000000, 0.000000000000000000 ) ) ;
#450 = EDGE_CURVE ( 'NONE', #557, #366, #415, .T. ) ;
#451 = CARTESIAN_POINT ( 'NONE',  ( 0.000000000000000000, 0.000000000000000000, 0.000000000000000000 ) ) ;
#452 = ADVANCED_FACE ( 'NONE', ( #53 ), #1073, .T. ) ;
#453 = CARTESIAN_POINT ( 'NONE',  ( -19.24999999999945643, -4.000000000000000888, -1.250000000001422418 ) ) ;
#454 = DIRECTION ( 'NONE',  ( 0.000000000000000000, 0.000000000000000000, 1.000000000000000000 ) ) ;
#455 = LINE ( 'NONE', #717, #689 ) ;
#456 = EDGE_CURVE ( 'NONE', #1463, #1084, #769, .T. ) ;
#457 = ORIENTED_EDGE ( 'NONE', *, *, #871, .T. ) ;
#458 = DIRECTION ( 'NONE',  ( 0.000000000000000000, 0.000000000000000000, 1.000000000000000000 ) ) ;
#459 = ORIENTED_EDGE ( 'NONE', *, *, #218, .T. ) ;
#460 = DIRECTION ( 'NONE',  ( -0.000000000000000000, 1.000000000000000000, -0.000000000000000000 ) ) ;
#461 = CARTESIAN_POINT ( 'NONE',  ( 19.25000000000054001, -2.400000000000001243, 5.447604614469185609E-13 ) ) ;
#462 = AXIS2_PLACEMENT_3D ( 'NONE', #721, #713, #967 ) ;
#463 = ORIENTED_EDGE ( 'NONE', *, *, #871, .F. ) ;
#464 = ORIENTED_EDGE ( 'NONE', *, *, #193, .F. ) ;
#465 = DIRECTION ( 'NONE',  ( 0.000000000000000000, 0.000000000000000000, -1.000000000000000000 ) ) ;
#466 = ORIENTED_EDGE ( 'NONE', *, *, #1145, .T. ) ;
#467 = DIRECTION ( 'NONE',  ( -0.000000000000000000, -1.000000000000000000, -0.000000000000000000 ) ) ;
#468 = DIRECTION ( 'NONE',  ( -0.000000000000000000, 1.000000000000000000, -0.000000000000000000 ) ) ;
#469 = CARTESIAN_POINT ( 'NONE',  ( 0.000000000000000000, 7.600000000000003197, -23.50000000000000000 ) ) ;
#470 = AXIS2_PLACEMENT_3D ( 'NONE', #1545, #170, #811 ) ;
#471 = CIRCLE ( 'NONE', #1567, 4.250000000000000000 ) ;
#472 = DIRECTION ( 'NONE',  ( -0.000000000000000000, -1.000000000000000000, -0.000000000000000000 ) ) ;
#473 = EDGE_CURVE ( 'NONE', #843, #542, #93, .T. ) ;
#474 = DIRECTION ( 'NONE',  ( 0.000000000000000000, -1.000000000000000000, 0.000000000000000000 ) ) ;
#475 = DIRECTION ( 'NONE',  ( -0.000000000000000000, 1.000000000000000000, -0.000000000000000000 ) ) ;
#476 = FACE_OUTER_BOUND ( 'NONE', #8, .T. ) ;
#477 = CARTESIAN_POINT ( 'NONE',  ( 0.000000000000000000, 4.099999999999998757, 19.25000000000000000 ) ) ;
#478 = CARTESIAN_POINT ( 'NONE',  ( 1.089674003743730623E-12, 4.099999999999998757, -20.50000000000116884 ) ) ;
#479 = AXIS2_PLACEMENT_3D ( 'NONE', #1022, #895, #287 ) ;
#480 = EDGE_LOOP ( 'NONE', ( #1116, #127, #759, #1498 ) ) ;
#481 = FACE_OUTER_BOUND ( 'NONE', #1217, .T. ) ;
#482 = EDGE_CURVE ( 'NONE', #913, #1064, #433, .T. ) ;
#483 = ORIENTED_EDGE ( 'NONE', *, *, #1027, .F. ) ;
#484 = VERTEX_POINT ( 'NONE', #949 ) ;
#485 = DIRECTION ( 'NONE',  ( -0.000000000000000000, 1.000000000000000000, -0.000000000000000000 ) ) ;
#486 = ORIENTED_EDGE ( 'NONE', *, *, #230, .F. ) ;
#487 = CARTESIAN_POINT ( 'NONE',  ( -19.24999999999945643, -2.400000000000001243, -5.471179065352771431E-13 ) ) ;
#488 = AXIS2_PLACEMENT_3D ( 'NONE', #69, #1420, #1165 ) ;
#489 = ORIENTED_EDGE ( 'NONE', *, *, #878, .T. ) ;
#490 = FILL_AREA_STYLE ('',( #1099 ) ) ;
#491 = FACE_OUTER_BOUND ( 'NONE', #323, .T. ) ;
#492 = CARTESIAN_POINT ( 'NONE',  ( 1.089520922893837122E-12, -9.500000000000001776, -19.25000000000000000 ) ) ;
#493 = ADVANCED_FACE ( 'NONE', ( #299, #144, #19, #1076, #382, #1595 ), #570, .T. ) ;
#494 = AXIS2_PLACEMENT_3D ( 'NONE', #577, #1453, #705 ) ;
#495 = DIRECTION ( 'NONE',  ( -0.000000000000000000, 1.000000000000000000, -0.000000000000000000 ) ) ;
#496 = FACE_BOUND ( 'NONE', #119, .T. ) ;
#497 = CIRCLE ( 'NONE', #65, 1.499999999999999556 ) ;
#498 = VERTEX_POINT ( 'NONE', #1187 ) ;
#499 = DIRECTION ( 'NONE',  ( 0.000000000000000000, -1.000000000000000000, 0.000000000000000000 ) ) ;
#500 = ORIENTED_EDGE ( 'NONE', *, *, #1457, .T. ) ;
#501 = AXIS2_PLACEMENT_3D ( 'NONE', #1279, #394, #1143 ) ;
#502 = ADVANCED_FACE ( 'NONE', ( #973 ), #1014, .F. ) ;
#503 = VERTEX_POINT ( 'NONE', #331 ) ;
#504 = ORIENTED_EDGE ( 'NONE', *, *, #1206, .T. ) ;
#505 = EDGE_CURVE ( 'NONE', #756, #58, #455, .T. ) ;
#506 = ORIENTED_EDGE ( 'NONE', *, *, #368, .T. ) ;
#507 = APPLICATION_CONTEXT ( 'automotive_design' ) ;
#508 = AXIS2_PLACEMENT_3D ( 'NONE', #234, #362, #742 ) ;
#509 = VECTOR ( 'NONE', #231, 1000.000000000000000 ) ;
#510 = DIRECTION ( 'NONE',  ( 0.000000000000000000, 0.000000000000000000, -1.000000000000000000 ) ) ;
#511 = CYLINDRICAL_SURFACE ( 'NONE', #160, 1.250000000000001110 ) ;
#512 = ADVANCED_FACE ( 'NONE', ( #714 ), #1212, .T. ) ;
#513 = CARTESIAN_POINT ( 'NONE',  ( 0.000000000000000000, 0.000000000000000000, 4.750000000000000000 ) ) ;
#514 = EDGE_CURVE ( 'NONE', #1463, #1180, #994, .T. ) ;
#515 = DIRECTION ( 'NONE',  ( 0.000000000000000000, 0.000000000000000000, -1.000000000000000000 ) ) ;
#516 =( NAMED_UNIT ( * ) PLANE_ANGLE_UNIT ( ) SI_UNIT ( $, .RADIAN. ) );
#517 = AXIS2_PLACEMENT_3D ( 'NONE', #253, #499, #18 ) ;
#518 = CARTESIAN_POINT ( 'NONE',  ( 19.25000000000054001, 4.099999999999998757, -1.249999999999883871 ) ) ;
#519 = LINE ( 'NONE', #1540, #1551 ) ;
#520 = FACE_OUTER_BOUND ( 'NONE', #1002, .T. ) ;
#521 = DIRECTION ( 'NONE',  ( 0.000000000000000000, -1.000000000000000000, 0.000000000000000000 ) ) ;
#522 = ORIENTED_EDGE ( 'NONE', *, *, #1250, .F. ) ;
#523 = ORIENTED_EDGE ( 'NONE', *, *, #725, .T. ) ;
#524 = DIRECTION ( 'NONE',  ( -0.000000000000000000, -1.000000000000000000, -0.000000000000000000 ) ) ;
#525 = ORIENTED_EDGE ( 'NONE', *, *, #162, .T. ) ;
#526 = VERTEX_POINT ( 'NONE', #104 ) ;
#527 = CARTESIAN_POINT ( 'NONE',  ( 0.000000000000000000, 8.100000000000003197, -23.50000000000000000 ) ) ;
#528 = ORIENTED_EDGE ( 'NONE', *, *, #426, .T. ) ;
#529 = DIRECTION ( 'NONE',  ( -0.000000000000000000, 1.000000000000000000, -0.000000000000000000 ) ) ;
#530 = VECTOR ( 'NONE', #573, 1000.000000000000000 ) ;
#531 = EDGE_CURVE ( 'NONE', #582, #655, #909, .T. ) ;
#532 = FACE_OUTER_BOUND ( 'NONE', #1177, .T. ) ;
#533 =( NAMED_UNIT ( * ) SI_UNIT ( $, .STERADIAN. ) SOLID_ANGLE_UNIT ( ) );
#534 = AXIS2_PLACEMENT_3D ( 'NONE', #989, #996, #256 ) ;
#535 = CIRCLE ( 'NONE', #908, 1.500000000000499378 ) ;
#536 = CIRCLE ( 'NONE', #85, 1.250000000000001110 ) ;
#537 = ORIENTED_EDGE ( 'NONE', *, *, #1162, .F. ) ;
#538 = DIRECTION ( 'NONE',  ( -0.000000000000000000, 1.000000000000000000, -0.000000000000000000 ) ) ;
#539 = ORIENTED_EDGE ( 'NONE', *, *, #986, .T. ) ;
#540 = ORIENTED_EDGE ( 'NONE', *, *, #39, .T. ) ;
#541 = ORIENTED_EDGE ( 'NONE', *, *, #682, .T. ) ;
#542 = VERTEX_POINT ( 'NONE', #469 ) ;
#543 = EDGE_CURVE ( 'NONE', #657, #421, #1293, .T. ) ;
#544 = AXIS2_PLACEMENT_3D ( 'NONE', #589, #217, #1611 ) ;
#545 = DIRECTION ( 'NONE',  ( 0.000000000000000000, 1.000000000000000000, 0.000000000000000000 ) ) ;
#546 = CIRCLE ( 'NONE', #1371, 22.50000000000000355 ) ;
#547 = CARTESIAN_POINT ( 'NONE',  ( 0.000000000000000000, 4.100000000000003197, 0.000000000000000000 ) ) ;
#548 = DIRECTION ( 'NONE',  ( -0.000000000000000000, 1.000000000000000000, -0.000000000000000000 ) ) ;
#549 = CARTESIAN_POINT ( 'NONE',  ( -10.99999999999968914, 22.10000000000000142, 3.126388037344440818E-13 ) ) ;
#550 = AXIS2_PLACEMENT_3D ( 'NONE', #1060, #921, #183 ) ;
#551 = DIRECTION ( 'NONE',  ( 0.000000000000000000, 0.000000000000000000, 1.000000000000000000 ) ) ;
#552 = EDGE_CURVE ( 'NONE', #131, #1199, #1434, .T. ) ;
#553 = CYLINDRICAL_SURFACE ( 'NONE', #1209, 1.499999999999999556 ) ;
#554 = CARTESIAN_POINT ( 'NONE',  ( 0.000000000000000000, 7.600000000000003197, 0.000000000000000000 ) ) ;
#555 = CIRCLE ( 'NONE', #488, 1.500000000000669242 ) ;
#556 = DIRECTION ( 'NONE',  ( 0.000000000000000000, -0.000000000000000000, -1.000000000000000000 ) ) ;
#557 = VERTEX_POINT ( 'NONE', #599 ) ;
#558 = ORIENTED_EDGE ( 'NONE', *, *, #1594, .F. ) ;
#559 = CARTESIAN_POINT ( 'NONE',  ( -19.24999999999945643, -2.400000000000001243, -5.471179065352771431E-13 ) ) ;
#560 = CARTESIAN_POINT ( 'NONE',  ( -19.24999999999945643, -9.500000000000001776, -1.250000000001422418 ) ) ;
#561 = ORIENTED_EDGE ( 'NONE', *, *, #1086, .T. ) ;
#562 = ADVANCED_FACE ( 'NONE', ( #1253 ), #553, .F. ) ;
#563 = ORIENTED_EDGE ( 'NONE', *, *, #1194, .T. ) ;
#564 = CARTESIAN_POINT ( 'NONE',  ( 0.000000000000000000, -2.400000000000001243, 0.000000000000000000 ) ) ;
#565 = AXIS2_PLACEMENT_3D ( 'NONE', #1389, #888, #515 ) ;
#566 = EDGE_CURVE ( 'NONE', #131, #386, #784, .T. ) ;
#567 = DIRECTION ( 'NONE',  ( -0.000000000000000000, -1.000000000000000000, -0.000000000000000000 ) ) ;
#568 = CARTESIAN_POINT ( 'NONE',  ( 1.089520922893837122E-12, -2.400000000000001243, -19.25000000000000000 ) ) ;
#569 = LINE ( 'NONE', #890, #272 ) ;
#570 = PLANE ( 'NONE',  #1274 ) ;
#571 = VECTOR ( 'NONE', #1387, 1000.000000000000000 ) ;
#572 = ADVANCED_FACE ( 'NONE', ( #749 ), #108, .T. ) ;
#573 = DIRECTION ( 'NONE',  ( -0.000000000000000000, 1.000000000000000000, -0.000000000000000000 ) ) ;
#574 = DIRECTION ( 'NONE',  ( 0.000000000000000000, 0.000000000000000000, -1.000000000000000000 ) ) ;
#575 = CIRCLE ( 'NONE', #1409, 22.50000000000000355 ) ;
#576 = CARTESIAN_POINT ( 'NONE',  ( 1.836970198721030427E-16, 22.10000000000000142, -12.49999999999999822 ) ) ;
#577 = CARTESIAN_POINT ( 'NONE',  ( 19.25000000000054001, -9.500000000000001776, 5.447604614469185609E-13 ) ) ;
#578 = AXIS2_PLACEMENT_3D ( 'NONE', #359, #1341, #597 ) ;
#579 = ORIENTED_EDGE ( 'NONE', *, *, #1091, .T. ) ;
#580 = ADVANCED_FACE ( 'NONE', ( #360 ), #125, .T. ) ;
#581 = ORIENTED_EDGE ( 'NONE', *, *, #258, .F. ) ;
#582 = VERTEX_POINT ( 'NONE', #1475 ) ;
#583 = ORIENTED_EDGE ( 'NONE', *, *, #162, .F. ) ;
#584 = ORIENTED_EDGE ( 'NONE', *, *, #1510, .F. ) ;
#585 = CARTESIAN_POINT ( 'NONE',  ( 19.25000000000054001, -2.400000000000001243, 5.447604614469185609E-13 ) ) ;
#586 = ORIENTED_EDGE ( 'NONE', *, *, #531, .T. ) ;
#587 = CARTESIAN_POINT ( 'NONE',  ( 1.530808498934191078E-16, -4.000000000000000888, 18.00000000000000000 ) ) ;
#588 = AXIS2_PLACEMENT_3D ( 'NONE', #1051, #1558, #315 ) ;
#589 = CARTESIAN_POINT ( 'NONE',  ( 0.000000000000000000, 19.10000000000000142, -11.00000000000000000 ) ) ;
#590 = EDGE_CURVE ( 'NONE', #896, #526, #34, .T. ) ;
#591 = DIRECTION ( 'NONE',  ( 0.000000000000000000, 0.000000000000000000, 1.000000000000000000 ) ) ;
#592 = FACE_OUTER_BOUND ( 'NONE', #850, .T. ) ;
#593 = DIRECTION ( 'NONE',  ( -0.000000000000000000, 1.000000000000000000, -0.000000000000000000 ) ) ;
#594 = AXIS2_PLACEMENT_3D ( 'NONE', #177, #55, #1152 ) ;
#595 = DIRECTION ( 'NONE',  ( -0.000000000000000000, -1.000000000000000000, -0.000000000000000000 ) ) ;
#596 = CARTESIAN_POINT ( 'NONE',  ( -19.24999999999945643, 4.099999999999998757, 1.250000000000328404 ) ) ;
#597 = DIRECTION ( 'NONE',  ( 0.000000000000000000, -0.000000000000000000, 1.000000000000000000 ) ) ;
#598 = FACE_OUTER_BOUND ( 'NONE', #229, .T. ) ;
#599 = CARTESIAN_POINT ( 'NONE',  ( 2.847303808017596139E-15, 22.10000000000000497, 23.00000000000000000 ) ) ;
#600 = CIRCLE ( 'NONE', #707, 1.250000000000001110 ) ;
#601 = DIRECTION ( 'NONE',  ( 0.000000000000000000, 0.000000000000000000, -1.000000000000000000 ) ) ;
#602 = ORIENTED_EDGE ( 'NONE', *, *, #1145, .F. ) ;
#603 = DIRECTION ( 'NONE',  ( -0.000000000000000000, 1.000000000000000000, -0.000000000000000000 ) ) ;
#604 = CARTESIAN_POINT ( 'NONE',  ( 23.50000000000000000, 5.599999999999996092, 0.000000000000000000 ) ) ;
#605 = AXIS2_PLACEMENT_3D ( 'NONE', #1252, #1516, #381 ) ;
#606 = VERTEX_POINT ( 'NONE', #106 ) ;
#607 = VERTEX_POINT ( 'NONE', #728 ) ;
#608 = EDGE_LOOP ( 'NONE', ( #1138, #980, #1577, #539 ) ) ;
#609 = DIRECTION ( 'NONE',  ( 0.000000000000000000, 0.000000000000000000, 1.000000000000000000 ) ) ;
#610 = CARTESIAN_POINT ( 'NONE',  ( 6.225833845107639398E-13, 22.10000000000000142, 12.50000000000066791 ) ) ;
#611 = CIRCLE ( 'NONE', #685, 1.250000000000001110 ) ;
#612 = LINE ( 'NONE', #1068, #834 ) ;
#613 = DIRECTION ( 'NONE',  ( 0.000000000000000000, 0.000000000000000000, -1.000000000000000000 ) ) ;
#614 = CARTESIAN_POINT ( 'NONE',  ( 0.000000000000000000, -9.500000000000001776, 20.50000000000000000 ) ) ;
#615 = CIRCLE ( 'NONE', #820, 7.500000000000003553 ) ;
#616 = CARTESIAN_POINT ( 'NONE',  ( -19.24999999999945643, -2.400000000000001243, 1.250000000000328404 ) ) ;
#617 = VECTOR ( 'NONE', #1131, 1000.000000000000114 ) ;
#618 = FACE_OUTER_BOUND ( 'NONE', #1468, .T. ) ;
#619 = CIRCLE ( 'NONE', #758, 1.250000000001170397 ) ;
#620 = LINE ( 'NONE', #1598, #1276 ) ;
#621 = EDGE_CURVE ( 'NONE', #756, #268, #109, .T. ) ;
#622 = VERTEX_POINT ( 'NONE', #347 ) ;
#623 = DIRECTION ( 'NONE',  ( -0.000000000000000000, -1.000000000000000000, -0.000000000000000000 ) ) ;
#624 = ORIENTED_EDGE ( 'NONE', *, *, #830, .F. ) ;
#625 = EDGE_LOOP ( 'NONE', ( #1337, #824 ) ) ;
#626 = VERTEX_POINT ( 'NONE', #1479 ) ;
#627 = CARTESIAN_POINT ( 'NONE',  ( 0.000000000000000000, 4.099999999999997868, 0.000000000000000000 ) ) ;
#628 = CARTESIAN_POINT ( 'NONE',  ( 1.089520922893837122E-12, -9.500000000000001776, -19.25000000000000000 ) ) ;
#629 = LINE ( 'NONE', #178, #375 ) ;
#630 = DIRECTION ( 'NONE',  ( 0.000000000000000000, 0.000000000000000000, -1.000000000000000000 ) ) ;
#631 = AXIS2_PLACEMENT_3D ( 'NONE', #952, #1061, #710 ) ;
#632 = CARTESIAN_POINT ( 'NONE',  ( 0.000000000000000000, -2.400000000000001243, 23.00000000000000000 ) ) ;
#633 = CYLINDRICAL_SURFACE ( 'NONE', #92, 23.50000000000000000 ) ;
#634 = CARTESIAN_POINT ( 'NONE',  ( 0.000000000000000000, 4.100000000000003197, 4.250000000000000000 ) ) ;
#635 = CARTESIAN_POINT ( 'NONE',  ( 19.25000000000054001, -9.500000000000001776, 5.447604614469185609E-13 ) ) ;
#636 = ORIENTED_EDGE ( 'NONE', *, *, #174, .F. ) ;
#637 = ORIENTED_EDGE ( 'NONE', *, *, #482, .T. ) ;
#638 = EDGE_CURVE ( 'NONE', #1036, #641, #319, .T. ) ;
#639 = EDGE_LOOP ( 'NONE', ( #739, #1342 ) ) ;
#640 = CARTESIAN_POINT ( 'NONE',  ( 1.089520922893837122E-12, -9.500000000000001776, -19.25000000000000000 ) ) ;
#641 = VERTEX_POINT ( 'NONE', #357 ) ;
#642 = DIRECTION ( 'NONE',  ( -0.000000000000000000, 1.000000000000000000, -0.000000000000000000 ) ) ;
#643 = DIRECTION ( 'NONE',  ( -0.000000000000000000, -1.000000000000000000, -0.000000000000000000 ) ) ;
#644 = AXIS2_PLACEMENT_3D ( 'NONE', #1088, #1094, #946 ) ;
#645 = CARTESIAN_POINT ( 'NONE',  ( 0.000000000000000000, 8.100000000000003197, 0.000000000000000000 ) ) ;
#646 = EDGE_CURVE ( 'NONE', #657, #1036, #1113, .T. ) ;
#647 = DIRECTION ( 'NONE',  ( 0.000000000000000000, 0.000000000000000000, -1.000000000000000000 ) ) ;
#648 = DIRECTION ( 'NONE',  ( 0.000000000000000000, -1.000000000000000000, 0.000000000000000000 ) ) ;
#649 = AXIS2_PLACEMENT_3D ( 'NONE', #1031, #1029, #311 ) ;
#650 = DIRECTION ( 'NONE',  ( -0.000000000000000000, -1.000000000000000000, -0.000000000000000000 ) ) ;
#651 = CYLINDRICAL_SURFACE ( 'NONE', #254, 22.50000000000000355 ) ;
#652 = CIRCLE ( 'NONE', #154, 1.250000000001170397 ) ;
#653 = CIRCLE ( 'NONE', #508, 23.50000000000000000 ) ;
#654 = CARTESIAN_POINT ( 'NONE',  ( 0.000000000000000000, 22.10000000000000142, 0.000000000000000000 ) ) ;
#655 = VERTEX_POINT ( 'NONE', #724 ) ;
#656 = ORIENTED_EDGE ( 'NONE', *, *, #621, .T. ) ;
#657 = VERTEX_POINT ( 'NONE', #950 ) ;
#658 = ORIENTED_EDGE ( 'NONE', *, *, #61, .T. ) ;
#659 = EDGE_LOOP ( 'NONE', ( #266, #132 ) ) ;
#660 = VERTEX_POINT ( 'NONE', #1224 ) ;
#661 = AXIS2_PLACEMENT_3D ( 'NONE', #1214, #474, #1349 ) ;
#662 = CIRCLE ( 'NONE', #745, 1.250000000001170397 ) ;
#663 = LINE ( 'NONE', #874, #778 ) ;
#664 = DIRECTION ( 'NONE',  ( -0.000000000000000000, -1.000000000000000000, -0.000000000000000000 ) ) ;
#665 = CIRCLE ( 'NONE', #970, 1.500000000000243583 ) ;
#666 = DIRECTION ( 'NONE',  ( 0.000000000000000000, 0.000000000000000000, 1.000000000000000000 ) ) ;
#667 = CARTESIAN_POINT ( 'NONE',  ( 0.000000000000000000, 4.100000000000003197, 0.000000000000000000 ) ) ;
#668 = EDGE_CURVE ( 'NONE', #660, #207, #221, .T. ) ;
#669 = DIRECTION ( 'NONE',  ( -0.000000000000000000, -1.000000000000000000, -0.000000000000000000 ) ) ;
#670 = EDGE_CURVE ( 'NONE', #1557, #913, #1398, .T. ) ;
#671 = FACE_OUTER_BOUND ( 'NONE', #228, .T. ) ;
#672 = CYLINDRICAL_SURFACE ( 'NONE', #210, 1.250000000000875300 ) ;
#673 = ORIENTED_EDGE ( 'NONE', *, *, #830, .T. ) ;
#674 = DIRECTION ( 'NONE',  ( -0.000000000000000000, 1.000000000000000000, -0.000000000000000000 ) ) ;
#675 = CARTESIAN_POINT ( 'NONE',  ( 11.00000000000030909, 22.10000000000000142, -3.112916922553819194E-13 ) ) ;
#676 = EDGE_LOOP ( 'NONE', ( #1361, #1378, #308, #1087 ) ) ;
#677 = ADVANCED_FACE ( 'NONE', ( #598, #259 ), #972, .T. ) ;
#678 = CARTESIAN_POINT ( 'NONE',  ( -19.24999999999945643, 4.099999999999998757, -1.250000000001422418 ) ) ;
#679 = ORIENTED_EDGE ( 'NONE', *, *, #856, .T. ) ;
#680 = ORIENTED_EDGE ( 'NONE', *, *, #1027, .T. ) ;
#681 = ORIENTED_EDGE ( 'NONE', *, *, #1110, .T. ) ;
#682 = EDGE_CURVE ( 'NONE', #1503, #1180, #1170, .T. ) ;
#683 = DIRECTION ( 'NONE',  ( 0.000000000000000000, -0.000000000000000000, -1.000000000000000000 ) ) ;
#684 = CARTESIAN_POINT ( 'NONE',  ( 2.877919977996280320E-15, 21.60000000000000497, 23.50000000000000000 ) ) ;
#685 = AXIS2_PLACEMENT_3D ( 'NONE', #1248, #1235, #128 ) ;
#686 = FACE_OUTER_BOUND ( 'NONE', #915, .T. ) ;
#687 = CARTESIAN_POINT ( 'NONE',  ( 0.000000000000000000, -4.000000000000000888, 23.00000000000000000 ) ) ;
#688 = CARTESIAN_POINT ( 'NONE',  ( 0.000000000000000000, 0.000000000000000000, 4.750000000000000000 ) ) ;
#689 = VECTOR ( 'NONE', #1069, 1000.000000000000000 ) ;
#690 = CARTESIAN_POINT ( 'NONE',  ( 2.816687638038912352E-15, -2.400000000000001243, -23.00000000000000000 ) ) ;
#691 = FACE_OUTER_BOUND ( 'NONE', #1019, .T. ) ;
#692 = ADVANCED_FACE ( 'NONE', ( #1 ), #1335, .T. ) ;
#693 = CYLINDRICAL_SURFACE ( 'NONE', #953, 23.00000000000000000 ) ;
#694 = DIRECTION ( 'NONE',  ( 0.000000000000000000, 0.000000000000000000, -1.000000000000000000 ) ) ;
#695 = ORIENTED_EDGE ( 'NONE', *, *, #1262, .F. ) ;
#696 = CIRCLE ( 'NONE', #239, 1.500000000000669242 ) ;
#697 = ORIENTED_EDGE ( 'NONE', *, *, #1230, .T. ) ;
#698 = DIRECTION ( 'NONE',  ( -0.000000000000000000, -1.000000000000000000, -0.000000000000000000 ) ) ;
#699 = VERTEX_POINT ( 'NONE', #1156 ) ;
#700 = EDGE_LOOP ( 'NONE', ( #1000, #99, #1079, #206 ) ) ;
#701 = CARTESIAN_POINT ( 'NONE',  ( 19.25000000000054001, -9.500000000000001776, 5.447604614469185609E-13 ) ) ;
#702 = ORIENTED_EDGE ( 'NONE', *, *, #1338, .T. ) ;
#703 = ADVANCED_FACE ( 'NONE', ( #671 ), #1513, .T. ) ;
#704 = EDGE_CURVE ( 'NONE', #84, #844, #954, .T. ) ;
#705 = DIRECTION ( 'NONE',  ( 0.000000000000000000, 0.000000000000000000, -1.000000000000000000 ) ) ;
#706 = CYLINDRICAL_SURFACE ( 'NONE', #1536, 1.250000000000428546 ) ;
#707 = AXIS2_PLACEMENT_3D ( 'NONE', #1521, #648, #1530 ) ;
#708 = DIRECTION ( 'NONE',  ( 0.000000000000000000, 0.000000000000000000, -1.000000000000000000 ) ) ;
#709 = DIRECTION ( 'NONE',  ( -0.000000000000000000, -1.000000000000000000, -0.000000000000000000 ) ) ;
#710 = DIRECTION ( 'NONE',  ( 0.000000000000000000, 0.000000000000000000, 1.000000000000000000 ) ) ;
#711 = DIRECTION ( 'NONE',  ( 0.000000000000000000, -1.000000000000000000, 0.000000000000000000 ) ) ;
#712 = EDGE_CURVE ( 'NONE', #1199, #863, #519, .T. ) ;
#713 = DIRECTION ( 'NONE',  ( 0.000000000000000000, -1.000000000000000000, 0.000000000000000000 ) ) ;
#714 = FACE_OUTER_BOUND ( 'NONE', #5, .T. ) ;
#715 = AXIS2_PLACEMENT_3D ( 'NONE', #1496, #124, #748 ) ;
#716 = CYLINDRICAL_SURFACE ( 'NONE', #1493, 1.499999999999999556 ) ;
#717 = CARTESIAN_POINT ( 'NONE',  ( 2.877919977996280320E-15, 0.000000000000000000, 23.50000000000000000 ) ) ;
#718 = ORIENTED_EDGE ( 'NONE', *, *, #832, .F. ) ;
#719 = ORIENTED_EDGE ( 'NONE', *, *, #621, .F. ) ;
#720 = ORIENTED_EDGE ( 'NONE', *, *, #1292, .F. ) ;
#721 = CARTESIAN_POINT ( 'NONE',  ( 1.089520922893837122E-12, -2.400000000000001243, -19.25000000000000000 ) ) ;
#722 = EDGE_LOOP ( 'NONE', ( #1258, #1484, #419, #82 ) ) ;
#723 = ORIENTED_EDGE ( 'NONE', *, *, #1005, .T. ) ;
#724 = CARTESIAN_POINT ( 'NONE',  ( 6.227670815306361814E-13, 22.10000000000000142, 9.499999999999330313 ) ) ;
#725 = EDGE_CURVE ( 'NONE', #755, #1446, #1032, .T. ) ;
#726 =( LENGTH_UNIT ( ) NAMED_UNIT ( * ) SI_UNIT ( .MILLI., .METRE. ) );
#727 = VECTOR ( 'NONE', #709, 1000.000000000000000 ) ;
#728 = CARTESIAN_POINT ( 'NONE',  ( -19.24999999999945643, -2.400000000000001243, -1.250000000001422418 ) ) ;
#729 = CIRCLE ( 'NONE', #517, 1.250000000000875300 ) ;
#730 = CARTESIAN_POINT ( 'NONE',  ( 1.089520922893837122E-12, -2.400000000000001243, -19.25000000000000000 ) ) ;
#731 = CARTESIAN_POINT ( 'NONE',  ( 6.225833845107639398E-13, 19.10000000000000142, 11.00000000000000000 ) ) ;
#732 = AXIS2_PLACEMENT_3D ( 'NONE', #730, #485, #225 ) ;
#733 = VECTOR ( 'NONE', #212, 1000.000000000000000 ) ;
#734 = FACE_OUTER_BOUND ( 'NONE', #639, .T. ) ;
#735 = VERTEX_POINT ( 'NONE', #298 ) ;
#736 = DIRECTION ( 'NONE',  ( 0.000000000000000000, 0.000000000000000000, -1.000000000000000000 ) ) ;
#737 = PLANE ( 'NONE',  #1587 ) ;
#738 = AXIS2_PLACEMENT_3D ( 'NONE', #451, #211, #1451 ) ;
#739 = ORIENTED_EDGE ( 'NONE', *, *, #590, .T. ) ;
#740 = VERTEX_POINT ( 'NONE', #1169 ) ;
#741 = ORIENTED_EDGE ( 'NONE', *, *, #1539, .F. ) ;
#742 = DIRECTION ( 'NONE',  ( 0.000000000000000000, 0.000000000000000000, -1.000000000000000000 ) ) ;
#743 = EDGE_CURVE ( 'NONE', #185, #1133, #75, .T. ) ;
#744 = CARTESIAN_POINT ( 'NONE',  ( 2.877919977996280320E-15, 8.100000000000003197, 23.50000000000000000 ) ) ;
#745 = AXIS2_PLACEMENT_3D ( 'NONE', #628, #757, #869 ) ;
#746 = DIRECTION ( 'NONE',  ( 6.821713973938757200E-17, 0.8304888712735780665, -0.5570352185371569842 ) ) ;
#747 = LINE ( 'NONE', #189, #1317 ) ;
#748 = DIRECTION ( 'NONE',  ( 0.000000000000000000, 0.000000000000000000, 1.000000000000000000 ) ) ;
#749 = FACE_OUTER_BOUND ( 'NONE', #805, .T. ) ;
#750 = AXIS2_PLACEMENT_3D ( 'NONE', #585, #1452, #1590 ) ;
#751 = EDGE_LOOP ( 'NONE', ( #882, #794, #45, #1380 ) ) ;
#752 = EDGE_CURVE ( 'NONE', #1133, #186, #1478, .T. ) ;
#753 = ORIENTED_EDGE ( 'NONE', *, *, #1497, .T. ) ;
#754 = PRODUCT_DEFINITION_SHAPE ( 'NONE', 'NONE',  #1508 ) ;
#755 = VERTEX_POINT ( 'NONE', #560 ) ;
#756 = VERTEX_POINT ( 'NONE', #684 ) ;
#757 = DIRECTION ( 'NONE',  ( 0.000000000000000000, -1.000000000000000000, 0.000000000000000000 ) ) ;
#758 = AXIS2_PLACEMENT_3D ( 'NONE', #492, #1377, #630 ) ;
#759 = ORIENTED_EDGE ( 'NONE', *, *, #1539, .T. ) ;
#760 = DIRECTION ( 'NONE',  ( -0.000000000000000000, -1.000000000000000000, -0.000000000000000000 ) ) ;
#761 = PRESENTATION_STYLE_ASSIGNMENT (( #847 ) ) ;
#762 = CARTESIAN_POINT ( 'NONE',  ( -10.99999999999968914, 22.10000000000000142, -1.500000000000186740 ) ) ;
#763 = LINE ( 'NONE', #1348, #393 ) ;
#764 = EDGE_CURVE ( 'NONE', #622, #100, #179, .T. ) ;
#765 = CARTESIAN_POINT ( 'NONE',  ( 1.089520922893837122E-12, -4.000000000000000888, -19.25000000000000000 ) ) ;
#766 = AXIS2_PLACEMENT_3D ( 'NONE', #1323, #1330, #935 ) ;
#767 = DIRECTION ( 'NONE',  ( -0.000000000000000000, 1.000000000000000000, -0.000000000000000000 ) ) ;
#768 = CARTESIAN_POINT ( 'NONE',  ( 19.25000000000054001, -4.000000000000000888, 1.250000000000973222 ) ) ;
#769 = CIRCLE ( 'NONE', #813, 1.250000000000428546 ) ;
#770 = LINE ( 'NONE', #1282, #617 ) ;
#771 = CARTESIAN_POINT ( 'NONE',  ( 0.000000000000000000, -9.500000000000001776, 19.25000000000000000 ) ) ;
#772 = ORIENTED_EDGE ( 'NONE', *, *, #174, .T. ) ;
#773 = DIRECTION ( 'NONE',  ( 0.000000000000000000, 1.000000000000000000, 0.000000000000000000 ) ) ;
#774 = ORIENTED_EDGE ( 'NONE', *, *, #543, .T. ) ;
#775 = EDGE_LOOP ( 'NONE', ( #636, #1422 ) ) ;
#776 = ORIENTED_EDGE ( 'NONE', *, *, #1110, .F. ) ;
#777 = CARTESIAN_POINT ( 'NONE',  ( 1.089520922893837122E-12, -4.000000000000000888, -19.25000000000000000 ) ) ;
#778 = VECTOR ( 'NONE', #263, 1000.000000000000000 ) ;
#779 = AXIS2_PLACEMENT_3D ( 'NONE', #765, #280, #1147 ) ;
#780 = EDGE_CURVE ( 'NONE', #1364, #1062, #839, .T. ) ;
#781 = PLANE ( 'NONE',  #1285 ) ;
#782 = LINE ( 'NONE', #1379, #1393 ) ;
#783 = AXIS2_PLACEMENT_3D ( 'NONE', #47, #899, #1548 ) ;
#784 = LINE ( 'NONE', #963, #1100 ) ;
#785 = DIRECTION ( 'NONE',  ( 0.000000000000000000, 0.000000000000000000, 1.000000000000000000 ) ) ;
#786 = ORIENTED_EDGE ( 'NONE', *, *, #414, .T. ) ;
#787 = CARTESIAN_POINT ( 'NONE',  ( 0.000000000000000000, 22.10000000000000142, -11.00000000000000000 ) ) ;
#788 = LINE ( 'NONE', #1482, #1439 ) ;
#789 = ORIENTED_EDGE ( 'NONE', *, *, #505, .T. ) ;
#790 = EDGE_CURVE ( 'NONE', #863, #386, #1130, .T. ) ;
#791 = ORIENTED_EDGE ( 'NONE', *, *, #832, .T. ) ;
#792 = ORIENTED_EDGE ( 'NONE', *, *, #1091, .F. ) ;
#793 = DIRECTION ( 'NONE',  ( -0.000000000000000000, 1.000000000000000000, -0.000000000000000000 ) ) ;
#794 = ORIENTED_EDGE ( 'NONE', *, *, #230, .T. ) ;
#795 = CARTESIAN_POINT ( 'NONE',  ( 1.089520922893837122E-12, -9.500000000000001776, -17.99999999999883116 ) ) ;
#796 = DIRECTION ( 'NONE',  ( 0.000000000000000000, 1.000000000000000000, 0.000000000000000000 ) ) ;
#797 = DIRECTION ( 'NONE',  ( 0.000000000000000000, 1.000000000000000000, 0.000000000000000000 ) ) ;
#798 = FACE_OUTER_BOUND ( 'NONE', #63, .T. ) ;
#799 = UNCERTAINTY_MEASURE_WITH_UNIT (LENGTH_MEASURE( 1.000000000000000082E-05 ), #1225, 'distance_accuracy_value', 'NONE');
#800 = CARTESIAN_POINT ( 'NONE',  ( -10.99999999999968914, 19.10000000000000142, 1.500000000000812017 ) ) ;
#801 = EDGE_CURVE ( 'NONE', #607, #1339, #1231, .T. ) ;
#802 = ADVANCED_FACE ( 'NONE', ( #1571 ), #1576, .T. ) ;
#803 = VECTOR ( 'NONE', #1426, 1000.000000000000000 ) ;
#804 = VECTOR ( 'NONE', #1396, 1000.000000000000000 ) ;
#805 = EDGE_LOOP ( 'NONE', ( #329, #828 ) ) ;
#806 = DIRECTION ( 'NONE',  ( 0.000000000000000000, 0.000000000000000000, -1.000000000000000000 ) ) ;
#807 = ORIENTED_EDGE ( 'NONE', *, *, #1457, .F. ) ;
#808 = CLOSED_SHELL ( 'NONE', ( #1243, #195, #1561, #1167, #817, #985, #1580, #1456, #318, #1440, #562, #1050, #1568, #1552, #802, #309, #80, #269, #1176, #1388, #452, #931, #703, #434, #677, #1504, #324, #379, #1041, #442, #493, #580, #502, #923, #1139, #188, #870, #1304, #32, #859, #1326, #572, #943, #990, #914, #1433, #1001, #428, #1372, #692, #1114, #1071, #1183, #1063, #1450, #512, #335 ) ) ;
#809 = ORIENTED_EDGE ( 'NONE', *, *, #1607, .F. ) ;
#810 = EDGE_CURVE ( 'NONE', #740, #626, #891, .T. ) ;
#811 = DIRECTION ( 'NONE',  ( 0.000000000000000000, 0.000000000000000000, -1.000000000000000000 ) ) ;
#812 = DIRECTION ( 'NONE',  ( 0.000000000000000000, 1.000000000000000000, 0.000000000000000000 ) ) ;
#813 = AXIS2_PLACEMENT_3D ( 'NONE', #701, #711, #1055 ) ;
#814 = FACE_OUTER_BOUND ( 'NONE', #480, .T. ) ;
#815 = LINE ( 'NONE', #974, #410 ) ;
#816 = DIRECTION ( 'NONE',  ( 0.000000000000000000, 1.000000000000000000, 0.000000000000000000 ) ) ;
#817 = ADVANCED_FACE ( 'NONE', ( #930 ), #693, .T. ) ;
#818 = CARTESIAN_POINT ( 'NONE',  ( 0.000000000000000000, 0.000000000000000000, 0.000000000000000000 ) ) ;
#819 = CARTESIAN_POINT ( 'NONE',  ( 0.000000000000000000, 0.000000000000000000, 0.000000000000000000 ) ) ;
#820 = AXIS2_PLACEMENT_3D ( 'NONE', #1181, #327, #1460 ) ;
#821 = CIRCLE ( 'NONE', #862, 23.50000000000000000 ) ;
#822 = DIRECTION ( 'NONE',  ( 0.000000000000000000, -1.000000000000000000, 0.000000000000000000 ) ) ;
#823 = ORIENTED_EDGE ( 'NONE', *, *, #278, .T. ) ;
#824 = ORIENTED_EDGE ( 'NONE', *, *, #810, .T. ) ;
#825 = CARTESIAN_POINT ( 'NONE',  ( 1.089520922893837122E-12, -4.000000000000000888, -17.99999999999883116 ) ) ;
#826 = ORIENTED_EDGE ( 'NONE', *, *, #1227, .F. ) ;
#827 = VERTEX_POINT ( 'NONE', #687 ) ;
#828 = ORIENTED_EDGE ( 'NONE', *, *, #339, .T. ) ;
#829 = AXIS2_PLACEMENT_3D ( 'NONE', #819, #467, #102 ) ;
#830 = EDGE_CURVE ( 'NONE', #1385, #438, #37, .T. ) ;
#831 = CYLINDRICAL_SURFACE ( 'NONE', #88, 1.500000000000499378 ) ;
#832 = EDGE_CURVE ( 'NONE', #1423, #83, #615, .T. ) ;
#833 = DIRECTION ( 'NONE',  ( -0.000000000000000000, -1.000000000000000000, -0.000000000000000000 ) ) ;
#834 = VECTOR ( 'NONE', #1340, 1000.000000000000000 ) ;
#835 = CARTESIAN_POINT ( 'NONE',  ( 0.000000000000000000, 4.100000000000003197, 0.000000000000000000 ) ) ;
#836 = DIRECTION ( 'NONE',  ( 0.000000000000000000, -1.000000000000000000, 0.000000000000000000 ) ) ;
#837 = EDGE_CURVE ( 'NONE', #438, #284, #276, .T. ) ;
#838 = DIRECTION ( 'NONE',  ( 0.000000000000000000, -1.000000000000000000, -0.000000000000000000 ) ) ;
#839 = LINE ( 'NONE', #1294, #803 ) ;
#840 = CARTESIAN_POINT ( 'NONE',  ( 0.000000000000000000, 0.000000000000000000, 0.000000000000000000 ) ) ;
#841 = DIRECTION ( 'NONE',  ( 0.000000000000000000, -0.000000000000000000, 1.000000000000000000 ) ) ;
#842 = CIRCLE ( 'NONE', #1166, 23.00000000000000000 ) ;
#843 = VERTEX_POINT ( 'NONE', #1197 ) ;
#844 = VERTEX_POINT ( 'NONE', #1591 ) ;
#845 = DIRECTION ( 'NONE',  ( 0.000000000000000000, -1.000000000000000000, 0.000000000000000000 ) ) ;
#846 = ORIENTED_EDGE ( 'NONE', *, *, #1286, .F. ) ;
#847 = SURFACE_STYLE_USAGE ( .BOTH. , #107 ) ;
#848 = ORIENTED_EDGE ( 'NONE', *, *, #1395, .F. ) ;
#849 = PLANE ( 'NONE',  #430 ) ;
#850 = EDGE_LOOP ( 'NONE', ( #348, #407 ) ) ;
#851 = CARTESIAN_POINT ( 'NONE',  ( 1.089520922893837122E-12, 4.099999999999998757, -19.25000000000000000 ) ) ;
#852 = DIRECTION ( 'NONE',  ( 0.000000000000000000, 0.000000000000000000, 1.000000000000000000 ) ) ;
#853 = VECTOR ( 'NONE', #567, 1000.000000000000000 ) ;
#854 = CARTESIAN_POINT ( 'NONE',  ( 0.000000000000000000, -4.000000000000000888, 0.000000000000000000 ) ) ;
#855 = CARTESIAN_POINT ( 'NONE',  ( 0.000000000000000000, 22.10000000000000142, 4.250000000000000000 ) ) ;
#856 = EDGE_CURVE ( 'NONE', #498, #962, #995, .T. ) ;
#857 = FACE_BOUND ( 'NONE', #164, .T. ) ;
#858 = DIRECTION ( 'NONE',  ( 0.000000000000000000, 1.000000000000000000, 0.000000000000000000 ) ) ;
#859 = ADVANCED_FACE ( 'NONE', ( #734 ), #1332, .T. ) ;
#860 = VERTEX_POINT ( 'NONE', #825 ) ;
#861 = CARTESIAN_POINT ( 'NONE',  ( 0.000000000000000000, -9.500000000000001776, 20.50000000000000000 ) ) ;
#862 = AXIS2_PLACEMENT_3D ( 'NONE', #385, #760, #1251 ) ;
#863 = VERTEX_POINT ( 'NONE', #1469 ) ;
#864 = ORIENTED_EDGE ( 'NONE', *, *, #473, .T. ) ;
#865 = ORIENTED_EDGE ( 'NONE', *, *, #1607, .T. ) ;
#866 = EDGE_LOOP ( 'NONE', ( #1416, #1240, #1236, #285 ) ) ;
#867 = CARTESIAN_POINT ( 'NONE',  ( 0.000000000000000000, -4.000000000000000888, 0.000000000000000000 ) ) ;
#868 = EDGE_LOOP ( 'NONE', ( #1443, #1444 ) ) ;
#869 = DIRECTION ( 'NONE',  ( 0.000000000000000000, 0.000000000000000000, -1.000000000000000000 ) ) ;
#870 = ADVANCED_FACE ( 'NONE', ( #1254 ), #1412, .F. ) ;
#871 = EDGE_CURVE ( 'NONE', #1385, #1102, #536, .T. ) ;
#872 = FACE_OUTER_BOUND ( 'NONE', #1533, .T. ) ;
#873 = AXIS2_PLACEMENT_3D ( 'NONE', #835, #101, #353 ) ;
#874 = CARTESIAN_POINT ( 'NONE',  ( 11.00000000000030909, 19.10000000000000142, -1.500000000000554889 ) ) ;
#875 = VECTOR ( 'NONE', #215, 1000.000000000000000 ) ;
#876 = DIRECTION ( 'NONE',  ( 0.000000000000000000, 1.000000000000000000, 0.000000000000000000 ) ) ;
#877 = FACE_OUTER_BOUND ( 'NONE', #161, .T. ) ;
#878 = EDGE_CURVE ( 'NONE', #503, #1033, #159, .T. ) ;
#879 = ORIENTED_EDGE ( 'NONE', *, *, #837, .T. ) ;
#880 = DIRECTION ( 'NONE',  ( 0.000000000000000000, 0.000000000000000000, -1.000000000000000000 ) ) ;
#881 = ORIENTED_EDGE ( 'NONE', *, *, #20, .T. ) ;
#882 = ORIENTED_EDGE ( 'NONE', *, *, #1410, .F. ) ;
#883 = ORIENTED_EDGE ( 'NONE', *, *, #514, .T. ) ;
#884 = AXIS2_PLACEMENT_3D ( 'NONE', #1211, #1098, #139 ) ;
#885 = FACE_OUTER_BOUND ( 'NONE', #371, .T. ) ;
#886 = FACE_OUTER_BOUND ( 'NONE', #389, .T. ) ;
#887 = EDGE_CURVE ( 'NONE', #641, #1036, #652, .T. ) ;
#888 = DIRECTION ( 'NONE',  ( -0.000000000000000000, -1.000000000000000000, -0.000000000000000000 ) ) ;
#889 = AXIS2_PLACEMENT_3D ( 'NONE', #443, #190, #465 ) ;
#890 = CARTESIAN_POINT ( 'NONE',  ( 0.000000000000000000, 19.10000000000000142, -9.500000000000000000 ) ) ;
#891 = CIRCLE ( 'NONE', #1413, 1.500000000000243583 ) ;
#892 = LINE ( 'NONE', #1024, #804 ) ;
#893 = EDGE_CURVE ( 'NONE', #503, #1602, #747, .T. ) ;
#894 = ORIENTED_EDGE ( 'NONE', *, *, #1005, .F. ) ;
#895 = DIRECTION ( 'NONE',  ( -0.000000000000000000, -1.000000000000000000, -0.000000000000000000 ) ) ;
#896 = VERTEX_POINT ( 'NONE', #1078 ) ;
#897 = AXIS2_PLACEMENT_3D ( 'NONE', #1124, #495, #1370 ) ;
#898 = ORIENTED_EDGE ( 'NONE', *, *, #1569, .F. ) ;
#899 = DIRECTION ( 'NONE',  ( -0.000000000000000000, -1.000000000000000000, -0.000000000000000000 ) ) ;
#900 = VERTEX_POINT ( 'NONE', #87 ) ;
#901 = EDGE_LOOP ( 'NONE', ( #23, #267 ) ) ;
#902 = DIRECTION ( 'NONE',  ( 0.000000000000000000, 0.000000000000000000, -1.000000000000000000 ) ) ;
#903 = AXIS2_PLACEMENT_3D ( 'NONE', #477, #1365, #736 ) ;
#904 = CIRCLE ( 'NONE', #1315, 1.250000000000001110 ) ;
#905 = EDGE_CURVE ( 'NONE', #1084, #1463, #1273, .T. ) ;
#906 = DIRECTION ( 'NONE',  ( 0.000000000000000000, 1.000000000000000000, 0.000000000000000000 ) ) ;
#907 = CARTESIAN_POINT ( 'NONE',  ( 0.000000000000000000, 0.000000000000000000, 0.000000000000000000 ) ) ;
#908 = AXIS2_PLACEMENT_3D ( 'NONE', #1126, #1390, #1257 ) ;
#909 = LINE ( 'NONE', #1216, #1316 ) ;
#910 = DIRECTION ( 'NONE',  ( 0.000000000000000000, 0.000000000000000000, 1.000000000000000000 ) ) ;
#911 = CYLINDRICAL_SURFACE ( 'NONE', #783, 22.50000000000000355 ) ;
#912 = PLANE ( 'NONE',  #1200 ) ;
#913 = VERTEX_POINT ( 'NONE', #690 ) ;
#914 = ADVANCED_FACE ( 'NONE', ( #532 ), #1531, .T. ) ;
#915 = EDGE_LOOP ( 'NONE', ( #117, #1277, #227, #1103 ) ) ;
#916 = DIRECTION ( 'NONE',  ( 0.000000000000000000, 0.000000000000000000, -1.000000000000000000 ) ) ;
#917 = ORIENTED_EDGE ( 'NONE', *, *, #291, .F. ) ;
#918 = EDGE_LOOP ( 'NONE', ( #1121, #586, #1579, #741 ) ) ;
#919 = AXIS2_PLACEMENT_3D ( 'NONE', #635, #642, #1120 ) ;
#920 = PLANE ( 'NONE',  #1112 ) ;
#921 = DIRECTION ( 'NONE',  ( 0.000000000000000000, 1.000000000000000000, 0.000000000000000000 ) ) ;
#922 = DIRECTION ( 'NONE',  ( -0.000000000000000000, 1.000000000000000000, -0.000000000000000000 ) ) ;
#923 = ADVANCED_FACE ( 'NONE', ( #1573 ), #737, .T. ) ;
#924 = FACE_OUTER_BOUND ( 'NONE', #866, .T. ) ;
#925 = CARTESIAN_POINT ( 'NONE',  ( 0.000000000000000000, 0.000000000000000000, 0.000000000000000000 ) ) ;
#926 = VECTOR ( 'NONE', #746, 1000.000000000000000 ) ;
#927 = FACE_OUTER_BOUND ( 'NONE', #676, .T. ) ;
#928 = CARTESIAN_POINT ( 'NONE',  ( 9.184850993605151889E-16, 4.099999999999997868, -7.500000000000003553 ) ) ;
#929 = DIRECTION ( 'NONE',  ( 0.000000000000000000, -1.000000000000000000, 0.000000000000000000 ) ) ;
#930 = FACE_OUTER_BOUND ( 'NONE', #1037, .T. ) ;
#931 = ADVANCED_FACE ( 'NONE', ( #1495, #496, #277, #1232, #238, #198 ), #110, .T. ) ;
#932 = VECTOR ( 'NONE', #74, 1000.000000000000000 ) ;
#933 = FACE_OUTER_BOUND ( 'NONE', #264, .T. ) ;
#934 = ORIENTED_EDGE ( 'NONE', *, *, #145, .T. ) ;
#935 = DIRECTION ( 'NONE',  ( 0.000000000000000000, 0.000000000000000000, 1.000000000000000000 ) ) ;
#936 = ORIENTED_EDGE ( 'NONE', *, *, #89, .F. ) ;
#937 = ORIENTED_EDGE ( 'NONE', *, *, #1171, .T. ) ;
#938 = ORIENTED_EDGE ( 'NONE', *, *, #856, .F. ) ;
#939 = EDGE_CURVE ( 'NONE', #1033, #484, #788, .T. ) ;
#940 = CARTESIAN_POINT ( 'NONE',  ( 19.25000000000054001, -9.500000000000001776, -1.249999999999883871 ) ) ;
#941 = ORIENTED_EDGE ( 'NONE', *, *, #1142, .T. ) ;
#942 = CARTESIAN_POINT ( 'NONE',  ( 1.089520922893837122E-12, 4.099999999999998757, -19.25000000000000000 ) ) ;
#943 = ADVANCED_FACE ( 'NONE', ( #481 ), #1359, .T. ) ;
#944 = SURFACE_STYLE_FILL_AREA ( #490 ) ;
#945 = LINE ( 'NONE', #513, #571 ) ;
#946 = DIRECTION ( 'NONE',  ( 0.000000000000000000, 0.000000000000000000, -1.000000000000000000 ) ) ;
#947 = CIRCLE ( 'NONE', #565, 23.50000000000000000 ) ;
#948 = DIRECTION ( 'NONE',  ( -0.000000000000000000, 1.000000000000000000, -0.000000000000000000 ) ) ;
#949 = CARTESIAN_POINT ( 'NONE',  ( 1.530808498934190831E-16, 4.099999999999998757, 18.00000000000000000 ) ) ;
#950 = CARTESIAN_POINT ( 'NONE',  ( 1.089674003743730623E-12, -2.400000000000001243, -20.50000000000116884 ) ) ;
#951 = CARTESIAN_POINT ( 'NONE',  ( 0.000000000000000000, 22.10000000000000142, 0.000000000000000000 ) ) ;
#952 = CARTESIAN_POINT ( 'NONE',  ( 11.00000000000030909, 19.10000000000000142, -3.112916922553819194E-13 ) ) ;
#953 = AXIS2_PLACEMENT_3D ( 'NONE', #72, #922, #1411 ) ;
#954 = LINE ( 'NONE', #293, #398 ) ;
#955 = DIRECTION ( 'NONE',  ( -0.000000000000000000, 1.000000000000000000, -0.000000000000000000 ) ) ;
#956 = SURFACE_STYLE_FILL_AREA ( #1122 ) ;
#957 = CARTESIAN_POINT ( 'NONE',  ( 0.000000000000000000, 4.099999999999999645, 0.000000000000000000 ) ) ;
#958 = ORIENTED_EDGE ( 'NONE', *, *, #1373, .F. ) ;
#959 = CARTESIAN_POINT ( 'NONE',  ( 0.000000000000000000, 0.000000000000000000, -23.50000000000000000 ) ) ;
#960 = ORIENTED_EDGE ( 'NONE', *, *, #986, .F. ) ;
#961 = ORIENTED_EDGE ( 'NONE', *, *, #878, .F. ) ;
#962 = VERTEX_POINT ( 'NONE', #1223 ) ;
#963 = CARTESIAN_POINT ( 'NONE',  ( 0.000000000000000000, 0.000000000000000000, -22.50000000000000355 ) ) ;
#964 = EDGE_CURVE ( 'NONE', #1298, #582, #696, .T. ) ;
#965 = DIRECTION ( 'NONE',  ( 0.000000000000000000, 0.000000000000000000, 1.000000000000000000 ) ) ;
#966 = FACE_OUTER_BOUND ( 'NONE', #416, .T. ) ;
#967 = DIRECTION ( 'NONE',  ( 0.000000000000000000, 0.000000000000000000, -1.000000000000000000 ) ) ;
#968 = APPLICATION_CONTEXT ( 'automotive_design' ) ;
#969 = DIRECTION ( 'NONE',  ( -0.000000000000000000, 1.000000000000000000, -0.000000000000000000 ) ) ;
#970 = AXIS2_PLACEMENT_3D ( 'NONE', #1300, #1185, #551 ) ;
#971 = EDGE_CURVE ( 'NONE', #626, #100, #620, .T. ) ;
#972 = PLANE ( 'NONE',  #1474 ) ;
#973 = FACE_OUTER_BOUND ( 'NONE', #7, .T. ) ;
#974 = CARTESIAN_POINT ( 'NONE',  ( 0.000000000000000000, 0.000000000000000000, -22.50000000000000355 ) ) ;
#975 = AXIS2_PLACEMENT_3D ( 'NONE', #155, #643, #30 ) ;
#976 = FACE_OUTER_BOUND ( 'NONE', #387, .T. ) ;
#977 = VECTOR ( 'NONE', #3, 1000.000000000000000 ) ;
#978 = ORIENTED_EDGE ( 'NONE', *, *, #1129, .T. ) ;
#979 = PLANE ( 'NONE',  #1511 ) ;
#980 = ORIENTED_EDGE ( 'NONE', *, *, #447, .F. ) ;
#981 = ORIENTED_EDGE ( 'NONE', *, *, #1230, .F. ) ;
#982 = CARTESIAN_POINT ( 'NONE',  ( 0.000000000000000000, 4.099999999999998757, 19.25000000000000000 ) ) ;
#983 = ORIENTED_EDGE ( 'NONE', *, *, #1569, .T. ) ;
#984 = VERTEX_POINT ( 'NONE', #855 ) ;
#985 = ADVANCED_FACE ( 'NONE', ( #618 ), #672, .T. ) ;
#986 = EDGE_CURVE ( 'NONE', #1502, #332, #1191, .T. ) ;
#987 = AXIS2_PLACEMENT_3D ( 'NONE', #1092, #1466, #342 ) ;
#988 = CIRCLE ( 'NONE', #137, 1.499999999999999556 ) ;
#989 = CARTESIAN_POINT ( 'NONE',  ( 0.000000000000000000, 21.60000000000000497, 0.000000000000000000 ) ) ;
#990 = ADVANCED_FACE ( 'NONE', ( #933 ), #1311, .T. ) ;
#991 = DIRECTION ( 'NONE',  ( 0.000000000000000000, 0.000000000000000000, -1.000000000000000000 ) ) ;
#992 = AXIS2_PLACEMENT_3D ( 'NONE', #448, #1585, #86 ) ;
#993 = EDGE_CURVE ( 'NONE', #1339, #1502, #1047, .T. ) ;
#994 = LINE ( 'NONE', #222, #875 ) ;
#995 = CIRCLE ( 'NONE', #1500, 1.250000000000428546 ) ;
#996 = DIRECTION ( 'NONE',  ( -0.000000000000000000, -1.000000000000000000, -0.000000000000000000 ) ) ;
#997 = EDGE_LOOP ( 'NONE', ( #500, #786 ) ) ;
#998 = DIRECTION ( 'NONE',  ( 0.000000000000000000, -1.000000000000000000, 0.000000000000000000 ) ) ;
#999 = AXIS2_PLACEMENT_3D ( 'NONE', #907, #1291, #1042 ) ;
#1000 = ORIENTED_EDGE ( 'NONE', *, *, #303, .T. ) ;
#1001 = ADVANCED_FACE ( 'NONE', ( #1146 ), #316, .T. ) ;
#1002 = EDGE_LOOP ( 'NONE', ( #697, #1021 ) ) ;
#1003 = ORIENTED_EDGE ( 'NONE', *, *, #397, .T. ) ;
#1004 = ORIENTED_EDGE ( 'NONE', *, *, #1286, .T. ) ;
#1005 = EDGE_CURVE ( 'NONE', #1602, #484, #1564, .T. ) ;
#1006 = CARTESIAN_POINT ( 'NONE',  ( 0.000000000000000000, 22.10000000000000142, -9.500000000000000000 ) ) ;
#1007 = FACE_OUTER_BOUND ( 'NONE', #1325, .T. ) ;
#1008 = CARTESIAN_POINT ( 'NONE',  ( -19.24999999999945643, -4.000000000000000888, 1.250000000000328404 ) ) ;
#1009 = VECTOR ( 'NONE', #142, 1000.000000000000000 ) ;
#1010 = AXIS2_PLACEMENT_3D ( 'NONE', #1374, #998, #247 ) ;
#1011 = CARTESIAN_POINT ( 'NONE',  ( 5.817072295949927426E-16, 0.000000000000000000, -4.750000000000000000 ) ) ;
#1012 = CARTESIAN_POINT ( 'NONE',  ( 2.755455298081545172E-15, 8.100000000000003197, 22.50000000000000355 ) ) ;
#1013 = DIRECTION ( 'NONE',  ( -0.000000000000000000, -1.000000000000000000, -0.000000000000000000 ) ) ;
#1014 = CYLINDRICAL_SURFACE ( 'NONE', #766, 1.500000000000499378 ) ;
#1015 = COLOUR_RGB ( '',0.7921568627450980005, 0.8196078431372548767, 0.9333333333333333481 ) ;
#1016 = CARTESIAN_POINT ( 'NONE',  ( 1.836970198721029934E-16, 19.10000000000000142, -12.49999999999999822 ) ) ;
#1017 = ORIENTED_EDGE ( 'NONE', *, *, #193, .T. ) ;
#1018 = DIRECTION ( 'NONE',  ( 0.000000000000000000, 0.000000000000000000, -1.000000000000000000 ) ) ;
#1019 = EDGE_LOOP ( 'NONE', ( #62, #457 ) ) ;
#1020 = ORIENTED_EDGE ( 'NONE', *, *, #939, .F. ) ;
#1021 = ORIENTED_EDGE ( 'NONE', *, *, #89, .T. ) ;
#1022 = CARTESIAN_POINT ( 'NONE',  ( 0.000000000000000000, 5.599999999999996092, 0.000000000000000000 ) ) ;
#1023 = ORIENTED_EDGE ( 'NONE', *, *, #646, .F. ) ;
#1024 = CARTESIAN_POINT ( 'NONE',  ( -10.99999999999968914, 19.10000000000000142, -1.500000000000186740 ) ) ;
#1025 = LINE ( 'NONE', #1271, #1297 ) ;
#1026 = FACE_OUTER_BOUND ( 'NONE', #1281, .T. ) ;
#1027 = EDGE_CURVE ( 'NONE', #1059, #900, #273, .T. ) ;
#1028 = DIRECTION ( 'NONE',  ( 0.000000000000000000, 0.000000000000000000, 1.000000000000000000 ) ) ;
#1029 = DIRECTION ( 'NONE',  ( 0.000000000000000000, 1.000000000000000000, 0.000000000000000000 ) ) ;
#1030 = AXIS2_PLACEMENT_3D ( 'NONE', #925, #94, #1190 ) ;
#1031 = CARTESIAN_POINT ( 'NONE',  ( 0.000000000000000000, 4.100000000000003197, 0.000000000000000000 ) ) ;
#1032 = LINE ( 'NONE', #163, #1355 ) ;
#1033 = VERTEX_POINT ( 'NONE', #1096 ) ;
#1034 = DIRECTION ( 'NONE',  ( 0.000000000000000000, 0.000000000000000000, 1.000000000000000000 ) ) ;
#1035 = DIRECTION ( 'NONE',  ( 0.000000000000000000, 0.000000000000000000, -1.000000000000000000 ) ) ;
#1036 = VERTEX_POINT ( 'NONE', #478 ) ;
#1037 = EDGE_LOOP ( 'NONE', ( #936, #367, #637, #1519 ) ) ;
#1038 = CARTESIAN_POINT ( 'NONE',  ( -19.24999999999945643, -9.500000000000001776, 1.250000000000328404 ) ) ;
#1039 = ORIENTED_EDGE ( 'NONE', *, *, #712, .T. ) ;
#1040 = ORIENTED_EDGE ( 'NONE', *, *, #1425, .T. ) ;
#1041 = ADVANCED_FACE ( 'NONE', ( #192, #1491 ), #849, .T. ) ;
#1042 = DIRECTION ( 'NONE',  ( 0.000000000000000000, 0.000000000000000000, -1.000000000000000000 ) ) ;
#1043 = CIRCLE ( 'NONE', #36, 23.50000000000000000 ) ;
#1044 = CARTESIAN_POINT ( 'NONE',  ( 0.000000000000000000, -9.500000000000001776, 19.25000000000000000 ) ) ;
#1045 = EDGE_CURVE ( 'NONE', #332, #1502, #729, .T. ) ;
#1046 = DIRECTION ( 'NONE',  ( 0.000000000000000000, 1.000000000000000000, 0.000000000000000000 ) ) ;
#1047 = LINE ( 'NONE', #616, #15 ) ;
#1048 = DIRECTION ( 'NONE',  ( -0.000000000000000000, 1.000000000000000000, -0.000000000000000000 ) ) ;
#1049 = DIRECTION ( 'NONE',  ( 0.000000000000000000, 0.000000000000000000, 1.000000000000000000 ) ) ;
#1050 = ADVANCED_FACE ( 'NONE', ( #927 ), #1266, .F. ) ;
#1051 = CARTESIAN_POINT ( 'NONE',  ( 6.225833845107639398E-13, 19.10000000000000142, 11.00000000000000000 ) ) ;
#1052 = CIRCLE ( 'NONE', #1375, 1.250000000000875300 ) ;
#1053 = CARTESIAN_POINT ( 'NONE',  ( 19.25000000000054001, -4.000000000000000888, 5.447604614469185609E-13 ) ) ;
#1054 = FACE_OUTER_BOUND ( 'NONE', #25, .T. ) ;
#1055 = DIRECTION ( 'NONE',  ( 0.000000000000000000, 0.000000000000000000, -1.000000000000000000 ) ) ;
#1056 = AXIS2_PLACEMENT_3D ( 'NONE', #1312, #1168, #66 ) ;
#1057 = CIRCLE ( 'NONE', #16, 23.00000000000000000 ) ;
#1058 = EDGE_CURVE ( 'NONE', #740, #622, #663, .T. ) ;
#1059 = VERTEX_POINT ( 'NONE', #518 ) ;
#1060 = CARTESIAN_POINT ( 'NONE',  ( -10.99999999999968914, 19.10000000000000142, 3.126388037344440818E-13 ) ) ;
#1061 = DIRECTION ( 'NONE',  ( -0.000000000000000000, 1.000000000000000000, -0.000000000000000000 ) ) ;
#1062 = VERTEX_POINT ( 'NONE', #1392 ) ;
#1063 = ADVANCED_FACE ( 'NONE', ( #1026 ), #1245, .T. ) ;
#1064 = VERTEX_POINT ( 'NONE', #632 ) ;
#1065 = EDGE_CURVE ( 'NONE', #1033, #503, #611, .T. ) ;
#1066 = DIRECTION ( 'NONE',  ( -0.000000000000000000, 1.000000000000000000, -0.000000000000000000 ) ) ;
#1067 = ADVANCED_BREP_SHAPE_REPRESENTATION ( '4010驱控一体', ( #169, #1336 ), #120 ) ;
#1068 = CARTESIAN_POINT ( 'NONE',  ( 2.877919977996280320E-15, 0.000000000000000000, 23.50000000000000000 ) ) ;
#1069 = DIRECTION ( 'NONE',  ( -0.000000000000000000, -1.000000000000000000, -0.000000000000000000 ) ) ;
#1070 = EDGE_CURVE ( 'NONE', #1360, #83, #945, .T. ) ;
#1071 = ADVANCED_FACE ( 'NONE', ( #885 ), #314, .T. ) ;
#1072 = AXIS2_PLACEMENT_3D ( 'NONE', #334, #812, #1320 ) ;
#1073 = PLANE ( 'NONE',  #738 ) ;
#1074 = PRODUCT ( '4010驱控一体', '4010驱控一体', '', ( #1403 ) ) ;
#1075 = DIRECTION ( 'NONE',  ( -0.000000000000000000, -1.000000000000000000, -0.000000000000000000 ) ) ;
#1076 = FACE_BOUND ( 'NONE', #405, .T. ) ;
#1077 = CARTESIAN_POINT ( 'NONE',  ( 19.25000000000054001, -4.000000000000000888, -1.249999999999883871 ) ) ;
#1078 = CARTESIAN_POINT ( 'NONE',  ( 0.000000000000000000, 19.10000000000000142, -9.500000000000000000 ) ) ;
#1079 = ORIENTED_EDGE ( 'NONE', *, *, #138, .F. ) ;
#1080 = DIRECTION ( 'NONE',  ( 0.000000000000000000, -0.000000000000000000, -1.000000000000000000 ) ) ;
#1081 = VERTEX_POINT ( 'NONE', #762 ) ;
#1082 = STYLED_ITEM ( 'NONE', ( #761 ), #1067 ) ;
#1083 = ORIENTED_EDGE ( 'NONE', *, *, #1381, .F. ) ;
#1084 = VERTEX_POINT ( 'NONE', #24 ) ;
#1085 = DIRECTION ( 'NONE',  ( -0.000000000000000000, -1.000000000000000000, -0.000000000000000000 ) ) ;
#1086 = EDGE_CURVE ( 'NONE', #84, #1155, #662, .T. ) ;
#1087 = ORIENTED_EDGE ( 'NONE', *, *, #971, .F. ) ;
#1088 = CARTESIAN_POINT ( 'NONE',  ( 0.000000000000000000, 0.000000000000000000, 0.000000000000000000 ) ) ;
#1089 = ORIENTED_EDGE ( 'NONE', *, *, #251, .T. ) ;
#1090 = DIRECTION ( 'NONE',  ( 0.000000000000000000, -1.000000000000000000, 0.000000000000000000 ) ) ;
#1091 = EDGE_CURVE ( 'NONE', #699, #1423, #1269, .T. ) ;
#1092 = CARTESIAN_POINT ( 'NONE',  ( 0.000000000000000000, 21.60000000000000497, 0.000000000000000000 ) ) ;
#1093 = COLOUR_RGB ( '',0.7921568627450980005, 0.8196078431372548767, 0.9333333333333333481 ) ;
#1094 = DIRECTION ( 'NONE',  ( -0.000000000000000000, -1.000000000000000000, -0.000000000000000000 ) ) ;
#1095 = VECTOR ( 'NONE', #200, 1000.000000000000000 ) ;
#1096 = CARTESIAN_POINT ( 'NONE',  ( 1.530808498934190831E-16, -2.400000000000001243, 18.00000000000000000 ) ) ;
#1097 = CARTESIAN_POINT ( 'NONE',  ( 0.000000000000000000, 19.10000000000000142, -11.00000000000000000 ) ) ;
#1098 = DIRECTION ( 'NONE',  ( 0.000000000000000000, 1.000000000000000000, 0.000000000000000000 ) ) ;
#1099 = FILL_AREA_STYLE_COLOUR ( '', #1093 ) ;
#1100 = VECTOR ( 'NONE', #1075, 1000.000000000000000 ) ;
#1101 = CIRCLE ( 'NONE', #1600, 1.250000000000875300 ) ;
#1102 = VERTEX_POINT ( 'NONE', #861 ) ;
#1103 = ORIENTED_EDGE ( 'NONE', *, *, #1219, .T. ) ;
#1104 = ORIENTED_EDGE ( 'NONE', *, *, #1070, .F. ) ;
#1105 = EDGE_LOOP ( 'NONE', ( #695, #846 ) ) ;
#1106 = ORIENTED_EDGE ( 'NONE', *, *, #313, .F. ) ;
#1107 = CARTESIAN_POINT ( 'NONE',  ( 0.000000000000000000, 4.099999999999997868, 7.500000000000003553 ) ) ;
#1108 = AXIS2_PLACEMENT_3D ( 'NONE', #645, #524, #1132 ) ;
#1109 = CARTESIAN_POINT ( 'NONE',  ( 0.000000000000000000, 0.000000000000000000, -23.50000000000000000 ) ) ;
#1110 = EDGE_CURVE ( 'NONE', #1446, #208, #1278, .T. ) ;
#1111 = DIRECTION ( 'NONE',  ( 0.000000000000000000, -1.000000000000000000, 0.000000000000000000 ) ) ;
#1112 = AXIS2_PLACEMENT_3D ( 'NONE', #425, #305, #412 ) ;
#1113 = LINE ( 'NONE', #1603, #1415 ) ;
#1114 = ADVANCED_FACE ( 'NONE', ( #691 ), #135, .T. ) ;
#1115 = EDGE_LOOP ( 'NONE', ( #56, #864, #365, #1404 ) ) ;
#1116 = ORIENTED_EDGE ( 'NONE', *, *, #531, .F. ) ;
#1117 = CARTESIAN_POINT ( 'NONE',  ( 1.089520922893837122E-12, -2.400000000000001243, -17.99999999999883116 ) ) ;
#1118 = ORIENTED_EDGE ( 'NONE', *, *, #149, .T. ) ;
#1119 = EDGE_LOOP ( 'NONE', ( #1419, #346 ) ) ;
#1120 = DIRECTION ( 'NONE',  ( 0.000000000000000000, 0.000000000000000000, 1.000000000000000000 ) ) ;
#1121 = ORIENTED_EDGE ( 'NONE', *, *, #1406, .F. ) ;
#1122 = FILL_AREA_STYLE ('',( #122 ) ) ;
#1123 = AXIS2_PLACEMENT_3D ( 'NONE', #1593, #472, #613 ) ;
#1124 = CARTESIAN_POINT ( 'NONE',  ( 11.00000000000030909, 19.10000000000000142, -3.112916922553819194E-13 ) ) ;
#1125 = FACE_OUTER_BOUND ( 'NONE', #700, .T. ) ;
#1126 = CARTESIAN_POINT ( 'NONE',  ( -10.99999999999968914, 22.10000000000000142, 3.126388037344440818E-13 ) ) ;
#1127 = CARTESIAN_POINT ( 'NONE',  ( 5.204748896376250699E-16, 4.100000000000003197, -4.250000000000000000 ) ) ;
#1128 = DIRECTION ( 'NONE',  ( 0.000000000000000000, 0.000000000000000000, 1.000000000000000000 ) ) ;
#1129 = EDGE_CURVE ( 'NONE', #827, #1064, #782, .T. ) ;
#1130 = CIRCLE ( 'NONE', #1244, 22.50000000000000355 ) ;
#1131 = DIRECTION ( 'NONE',  ( 0.000000000000000000, -0.7071067811865474617, -0.7071067811865474617 ) ) ;
#1132 = DIRECTION ( 'NONE',  ( 0.000000000000000000, 0.000000000000000000, -1.000000000000000000 ) ) ;
#1133 = VERTEX_POINT ( 'NONE', #1127 ) ;
#1134 = DIRECTION ( 'NONE',  ( 0.000000000000000000, -1.000000000000000000, 0.000000000000000000 ) ) ;
#1135 = ORIENTED_EDGE ( 'NONE', *, *, #668, .F. ) ;
#1136 = EDGE_LOOP ( 'NONE', ( #201, #579, #791, #1104 ) ) ;
#1137 = DIRECTION ( 'NONE',  ( 0.000000000000000000, 0.000000000000000000, -1.000000000000000000 ) ) ;
#1138 = ORIENTED_EDGE ( 'NONE', *, *, #1206, .F. ) ;
#1139 = ADVANCED_FACE ( 'NONE', ( #814 ), #38, .F. ) ;
#1140 = AXIS2_PLACEMENT_3D ( 'NONE', #71, #52, #683 ) ;
#1141 = DIRECTION ( 'NONE',  ( 0.000000000000000000, 0.000000000000000000, -1.000000000000000000 ) ) ;
#1142 = EDGE_CURVE ( 'NONE', #755, #420, #1527, .T. ) ;
#1143 = DIRECTION ( 'NONE',  ( 0.000000000000000000, 0.000000000000000000, -1.000000000000000000 ) ) ;
#1144 = CARTESIAN_POINT ( 'NONE',  ( 0.000000000000000000, -4.000000000000000888, 20.50000000000000000 ) ) ;
#1145 = EDGE_CURVE ( 'NONE', #58, #1234, #1306, .T. ) ;
#1146 = FACE_OUTER_BOUND ( 'NONE', #95, .T. ) ;
#1147 = DIRECTION ( 'NONE',  ( 0.000000000000000000, 0.000000000000000000, -1.000000000000000000 ) ) ;
#1148 = FACE_OUTER_BOUND ( 'NONE', #41, .T. ) ;
#1149 = PLANE ( 'NONE',  #884 ) ;
#1150 = AXIS2_PLACEMENT_3D ( 'NONE', #675, #1046, #1290 ) ;
#1151 = ORIENTED_EDGE ( 'NONE', *, *, #450, .T. ) ;
#1152 = DIRECTION ( 'NONE',  ( 0.000000000000000000, 0.000000000000000000, -1.000000000000000000 ) ) ;
#1153 = ORIENTED_EDGE ( 'NONE', *, *, #61, .F. ) ;
#1154 = ORIENTED_EDGE ( 'NONE', *, *, #204, .F. ) ;
#1155 = VERTEX_POINT ( 'NONE', #151 ) ;
#1156 = CARTESIAN_POINT ( 'NONE',  ( 7.500961644777540643E-16, 0.000000000000000000, -4.750000000000000000 ) ) ;
#1157 = ORIENTED_EDGE ( 'NONE', *, *, #514, .F. ) ;
#1158 = ORIENTED_EDGE ( 'NONE', *, *, #1338, .F. ) ;
#1159 = PRESENTATION_LAYER_ASSIGNMENT (  '', '', ( #1082 ) ) ;
#1160 = DIRECTION ( 'NONE',  ( 0.000000000000000000, 0.000000000000000000, -1.000000000000000000 ) ) ;
#1161 = LINE ( 'NONE', #1608, #509 ) ;
#1162 = EDGE_CURVE ( 'NONE', #557, #756, #1025, .T. ) ;
#1163 = CARTESIAN_POINT ( 'NONE',  ( 0.000000000000000000, -9.500000000000001776, 19.25000000000000000 ) ) ;
#1164 = CIRCLE ( 'NONE', #479, 22.50000000000000355 ) ;
#1165 = DIRECTION ( 'NONE',  ( 0.000000000000000000, 0.000000000000000000, 1.000000000000000000 ) ) ;
#1166 = AXIS2_PLACEMENT_3D ( 'NONE', #564, #1287, #574 ) ;
#1167 = ADVANCED_FACE ( 'NONE', ( #446 ), #511, .T. ) ;
#1168 = DIRECTION ( 'NONE',  ( 0.000000000000000000, -1.000000000000000000, 0.000000000000000000 ) ) ;
#1169 = CARTESIAN_POINT ( 'NONE',  ( 11.00000000000030909, 19.10000000000000142, -1.500000000000554889 ) ) ;
#1170 = CIRCLE ( 'NONE', #4, 1.250000000000428546 ) ;
#1171 = EDGE_CURVE ( 'NONE', #526, #1442, #312, .T. ) ;
#1172 = CIRCLE ( 'NONE', #534, 23.50000000000000000 ) ;
#1173 = DIRECTION ( 'NONE',  ( 0.000000000000000000, -1.000000000000000000, 0.000000000000000000 ) ) ;
#1174 = DIRECTION ( 'NONE',  ( -0.000000000000000000, 1.000000000000000000, -0.000000000000000000 ) ) ;
#1175 = ORIENTED_EDGE ( 'NONE', *, *, #543, .F. ) ;
#1176 = ADVANCED_FACE ( 'NONE', ( #1350 ), #1289, .T. ) ;
#1177 = EDGE_LOOP ( 'NONE', ( #1023, #1083, #540, #9 ) ) ;
#1178 = ORIENTED_EDGE ( 'NONE', *, *, #1070, .T. ) ;
#1179 = VERTEX_POINT ( 'NONE', #1407 ) ;
#1180 = VERTEX_POINT ( 'NONE', #768 ) ;
#1181 = CARTESIAN_POINT ( 'NONE',  ( 0.000000000000000000, 4.099999999999997868, 0.000000000000000000 ) ) ;
#1182 = DIRECTION ( 'NONE',  ( 0.000000000000000000, 0.000000000000000000, -1.000000000000000000 ) ) ;
#1183 = ADVANCED_FACE ( 'NONE', ( #592 ), #781, .T. ) ;
#1184 = CYLINDRICAL_SURFACE ( 'NONE', #250, 1.250000000000875300 ) ;
#1185 = DIRECTION ( 'NONE',  ( 0.000000000000000000, 1.000000000000000000, 0.000000000000000000 ) ) ;
#1186 = DIRECTION ( 'NONE',  ( -0.000000000000000000, -1.000000000000000000, -0.000000000000000000 ) ) ;
#1187 = CARTESIAN_POINT ( 'NONE',  ( 19.25000000000054001, -2.400000000000001243, -1.249999999999883871 ) ) ;
#1188 = DIRECTION ( 'NONE',  ( -0.000000000000000000, 1.000000000000000000, -0.000000000000000000 ) ) ;
#1189 = DIRECTION ( 'NONE',  ( 0.000000000000000000, 0.000000000000000000, -1.000000000000000000 ) ) ;
#1190 = DIRECTION ( 'NONE',  ( 0.000000000000000000, 0.000000000000000000, -1.000000000000000000 ) ) ;
#1191 = CIRCLE ( 'NONE', #176, 1.250000000000875300 ) ;
#1192 = AXIS2_PLACEMENT_3D ( 'NONE', #1528, #521, #647 ) ;
#1193 = FACE_OUTER_BOUND ( 'NONE', #1584, .T. ) ;
#1194 = EDGE_CURVE ( 'NONE', #844, #860, #68, .T. ) ;
#1195 = VERTEX_POINT ( 'NONE', #1006 ) ;
#1196 = CARTESIAN_POINT ( 'NONE',  ( 6.225833845107639398E-13, 22.10000000000000142, 11.00000000000000000 ) ) ;
#1197 = CARTESIAN_POINT ( 'NONE',  ( 2.877919977996280320E-15, 7.600000000000003197, 23.50000000000000000 ) ) ;
#1198 = EDGE_LOOP ( 'NONE', ( #1405, #152 ) ) ;
#1199 = VERTEX_POINT ( 'NONE', #1012 ) ;
#1200 = AXIS2_PLACEMENT_3D ( 'NONE', #1414, #296, #556 ) ;
#1201 = DIRECTION ( 'NONE',  ( 0.000000000000000000, -1.000000000000000000, 0.000000000000000000 ) ) ;
#1202 = ORIENTED_EDGE ( 'NONE', *, *, #893, .T. ) ;
#1203 = ORIENTED_EDGE ( 'NONE', *, *, #73, .T. ) ;
#1204 = DIRECTION ( 'NONE',  ( 0.000000000000000000, -1.000000000000000000, 0.000000000000000000 ) ) ;
#1205 = FACE_OUTER_BOUND ( 'NONE', #608, .T. ) ;
#1206 = EDGE_CURVE ( 'NONE', #607, #332, #213, .T. ) ;
#1207 = DIRECTION ( 'NONE',  ( 0.000000000000000000, 0.000000000000000000, -1.000000000000000000 ) ) ;
#1208 = DIRECTION ( 'NONE',  ( 0.000000000000000000, 1.000000000000000000, 0.000000000000000000 ) ) ;
#1209 = AXIS2_PLACEMENT_3D ( 'NONE', #1097, #475, #458 ) ;
#1210 = DIRECTION ( 'NONE',  ( -0.000000000000000000, 1.000000000000000000, -0.000000000000000000 ) ) ;
#1211 = CARTESIAN_POINT ( 'NONE',  ( 11.00000000000030909, 19.10000000000000142, -3.112916922553819194E-13 ) ) ;
#1212 = CYLINDRICAL_SURFACE ( 'NONE', #1363, 1.250000000000875300 ) ;
#1213 = CARTESIAN_POINT ( 'NONE',  ( 19.25000000000054001, -9.500000000000001776, 1.250000000000973222 ) ) ;
#1214 = CARTESIAN_POINT ( 'NONE',  ( 19.25000000000054001, 4.099999999999998757, 5.447604614469185609E-13 ) ) ;
#1215 = CYLINDRICAL_SURFACE ( 'NONE', #340, 1.250000000000001110 ) ;
#1216 = CARTESIAN_POINT ( 'NONE',  ( 6.227670815306361814E-13, 19.10000000000000142, 9.499999999999330313 ) ) ;
#1217 = EDGE_LOOP ( 'NONE', ( #1020, #961, #1202, #723 ) ) ;
#1218 = EDGE_LOOP ( 'NONE', ( #1522, #718 ) ) ;
#1219 = EDGE_CURVE ( 'NONE', #984, #186, #1526, .T. ) ;
#1220 = ORIENTED_EDGE ( 'NONE', *, *, #1318, .F. ) ;
#1221 = DIRECTION ( 'NONE',  ( 1.000000000000000000, 0.000000000000000000, 0.000000000000000000 ) ) ;
#1222 = ORIENTED_EDGE ( 'NONE', *, *, #1510, .T. ) ;
#1223 = CARTESIAN_POINT ( 'NONE',  ( 19.25000000000054001, -2.400000000000001243, 1.250000000000973222 ) ) ;
#1224 = CARTESIAN_POINT ( 'NONE',  ( 0.000000000000000000, 4.099999999999999645, -22.50000000000000355 ) ) ;
#1225 =( LENGTH_UNIT ( ) NAMED_UNIT ( * ) SI_UNIT ( .MILLI., .METRE. ) );
#1226 = FACE_OUTER_BOUND ( 'NONE', #751, .T. ) ;
#1227 = EDGE_CURVE ( 'NONE', #526, #896, #988, .T. ) ;
#1228 = CARTESIAN_POINT ( 'NONE',  ( 0.000000000000000000, 22.10000000000000142, -11.00000000000000000 ) ) ;
#1229 = DIRECTION ( 'NONE',  ( 0.000000000000000000, 0.000000000000000000, 1.000000000000000000 ) ) ;
#1230 = EDGE_CURVE ( 'NONE', #827, #1557, #14, .T. ) ;
#1231 = CIRCLE ( 'NONE', #126, 1.250000000000875300 ) ;
#1232 = FACE_BOUND ( 'NONE', #1382, .T. ) ;
#1233 = DIRECTION ( 'NONE',  ( 0.000000000000000000, 0.000000000000000000, -1.000000000000000000 ) ) ;
#1234 = VERTEX_POINT ( 'NONE', #527 ) ;
#1235 = DIRECTION ( 'NONE',  ( 0.000000000000000000, -1.000000000000000000, 0.000000000000000000 ) ) ;
#1236 = ORIENTED_EDGE ( 'NONE', *, *, #566, .T. ) ;
#1237 = EDGE_CURVE ( 'NONE', #10, #606, #947, .T. ) ;
#1238 = ORIENTED_EDGE ( 'NONE', *, *, #1574, .T. ) ;
#1239 = ORIENTED_EDGE ( 'NONE', *, *, #704, .F. ) ;
#1240 = ORIENTED_EDGE ( 'NONE', *, *, #291, .T. ) ;
#1241 = CARTESIAN_POINT ( 'NONE',  ( 1.089674003743730623E-12, -9.500000000000001776, -20.50000000000116884 ) ) ;
#1242 = ORIENTED_EDGE ( 'NONE', *, *, #837, .F. ) ;
#1243 = ADVANCED_FACE ( 'NONE', ( #872 ), #173, .T. ) ;
#1244 = AXIS2_PLACEMENT_3D ( 'NONE', #554, #1308, #1417 ) ;
#1245 = CYLINDRICAL_SURFACE ( 'NONE', #605, 1.250000000001170397 ) ;
#1246 = DIRECTION ( 'NONE',  ( -0.000000000000000000, 1.000000000000000000, -0.000000000000000000 ) ) ;
#1247 = FACE_OUTER_BOUND ( 'NONE', #26, .T. ) ;
#1248 = CARTESIAN_POINT ( 'NONE',  ( 0.000000000000000000, -2.400000000000001243, 19.25000000000000000 ) ) ;
#1249 = MECHANICAL_DESIGN_GEOMETRIC_PRESENTATION_REPRESENTATION (  '', ( #1082 ), #191 ) ;
#1250 = EDGE_CURVE ( 'NONE', #962, #498, #355, .T. ) ;
#1251 = DIRECTION ( 'NONE',  ( 0.000000000000000000, 0.000000000000000000, -1.000000000000000000 ) ) ;
#1252 = CARTESIAN_POINT ( 'NONE',  ( 1.089520922893837122E-12, -9.500000000000001776, -19.25000000000000000 ) ) ;
#1253 = FACE_OUTER_BOUND ( 'NONE', #1324, .T. ) ;
#1254 = FACE_OUTER_BOUND ( 'NONE', #722, .T. ) ;
#1255 = CYLINDRICAL_SURFACE ( 'NONE', #307, 22.50000000000000355 ) ;
#1256 = ORIENTED_EDGE ( 'NONE', *, *, #447, .T. ) ;
#1257 = DIRECTION ( 'NONE',  ( 0.000000000000000000, 0.000000000000000000, 1.000000000000000000 ) ) ;
#1258 = ORIENTED_EDGE ( 'NONE', *, *, #1058, .F. ) ;
#1259 = DIRECTION ( 'NONE',  ( 0.000000000000000000, -1.000000000000000000, -0.000000000000000000 ) ) ;
#1260 = ORIENTED_EDGE ( 'NONE', *, *, #345, .F. ) ;
#1261 = ORIENTED_EDGE ( 'NONE', *, *, #1489, .T. ) ;
#1262 = EDGE_CURVE ( 'NONE', #113, #1179, #1164, .T. ) ;
#1263 = CARTESIAN_POINT ( 'NONE',  ( -19.24999999999945643, -9.500000000000001776, -5.471179065352771431E-13 ) ) ;
#1264 = CARTESIAN_POINT ( 'NONE',  ( -19.24999999999945643, -4.000000000000000888, -5.471179065352771431E-13 ) ) ;
#1265 = AXIS2_PLACEMENT_3D ( 'NONE', #257, #1111, #376 ) ;
#1266 = CYLINDRICAL_SURFACE ( 'NONE', #897, 1.500000000000243583 ) ;
#1267 = FACE_BOUND ( 'NONE', #330, .T. ) ;
#1268 = DIRECTION ( 'NONE',  ( 0.000000000000000000, 0.000000000000000000, 1.000000000000000000 ) ) ;
#1269 = LINE ( 'NONE', #1011, #926 ) ;
#1270 = DIRECTION ( 'NONE',  ( 0.000000000000000000, 0.000000000000000000, -1.000000000000000000 ) ) ;
#1271 = CARTESIAN_POINT ( 'NONE',  ( 2.877919977996280320E-15, 21.60000000000000497, 23.50000000000000000 ) ) ;
#1272 = VECTOR ( 'NONE', #1174, 1000.000000000000000 ) ;
#1273 = CIRCLE ( 'NONE', #494, 1.250000000000428546 ) ;
#1274 = AXIS2_PLACEMENT_3D ( 'NONE', #1445, #1566, #81 ) ;
#1275 = LINE ( 'NONE', #795, #76 ) ;
#1276 = VECTOR ( 'NONE', #1357, 1000.000000000000000 ) ;
#1277 = ORIENTED_EDGE ( 'NONE', *, *, #743, .F. ) ;
#1278 = CIRCLE ( 'NONE', #1010, 1.250000000000875300 ) ;
#1279 = CARTESIAN_POINT ( 'NONE',  ( 19.25000000000054001, -2.400000000000001243, 5.447604614469185609E-13 ) ) ;
#1280 = ORIENTED_EDGE ( 'NONE', *, *, #939, .T. ) ;
#1281 = EDGE_LOOP ( 'NONE', ( #1239, #388, #528, #823 ) ) ;
#1282 = CARTESIAN_POINT ( 'NONE',  ( 0.000000000000000000, 21.60000000000000497, -23.50000000000000000 ) ) ;
#1283 = ORIENTED_EDGE ( 'NONE', *, *, #149, .F. ) ;
#1284 = ORIENTED_EDGE ( 'NONE', *, *, #1065, .T. ) ;
#1285 = AXIS2_PLACEMENT_3D ( 'NONE', #1512, #1134, #156 ) ;
#1286 = EDGE_CURVE ( 'NONE', #1179, #113, #546, .T. ) ;
#1287 = DIRECTION ( 'NONE',  ( 0.000000000000000000, -1.000000000000000000, 0.000000000000000000 ) ) ;
#1288 = AXIS2_PLACEMENT_3D ( 'NONE', #1588, #1454, #1080 ) ;
#1289 = CYLINDRICAL_SURFACE ( 'NONE', #216, 23.50000000000000000 ) ;
#1290 = DIRECTION ( 'NONE',  ( 0.000000000000000000, 0.000000000000000000, 1.000000000000000000 ) ) ;
#1291 = DIRECTION ( 'NONE',  ( -0.000000000000000000, -1.000000000000000000, -0.000000000000000000 ) ) ;
#1292 = EDGE_CURVE ( 'NONE', #896, #1195, #569, .T. ) ;
#1293 = CIRCLE ( 'NONE', #462, 1.250000000001170397 ) ;
#1294 = CARTESIAN_POINT ( 'NONE',  ( -10.99999999999968914, 19.10000000000000142, 1.500000000000812017 ) ) ;
#1295 = AXIS2_PLACEMENT_3D ( 'NONE', #214, #78, #1572 ) ;
#1296 = CYLINDRICAL_SURFACE ( 'NONE', #999, 23.50000000000000000 ) ;
#1297 = VECTOR ( 'NONE', #1524, 1000.000000000000114 ) ;
#1298 = VERTEX_POINT ( 'NONE', #403 ) ;
#1299 = ORIENTED_EDGE ( 'NONE', *, *, #1480, .T. ) ;
#1300 = CARTESIAN_POINT ( 'NONE',  ( 11.00000000000030909, 22.10000000000000142, -3.112916922553819194E-13 ) ) ;
#1301 = ORIENTED_EDGE ( 'NONE', *, *, #482, .F. ) ;
#1302 = ORIENTED_EDGE ( 'NONE', *, *, #790, .T. ) ;
#1303 = CARTESIAN_POINT ( 'NONE',  ( 0.000000000000000000, -2.400000000000001243, 19.25000000000000000 ) ) ;
#1304 = ADVANCED_FACE ( 'NONE', ( #1609 ), #1149, .T. ) ;
#1305 = DIRECTION ( 'NONE',  ( 0.000000000000000000, 0.000000000000000000, 1.000000000000000000 ) ) ;
#1306 = CIRCLE ( 'NONE', #1108, 23.50000000000000000 ) ;
#1307 = EDGE_CURVE ( 'NONE', #100, #622, #665, .T. ) ;
#1308 = DIRECTION ( 'NONE',  ( -0.000000000000000000, -1.000000000000000000, -0.000000000000000000 ) ) ;
#1309 = CIRCLE ( 'NONE', #588, 1.500000000000669242 ) ;
#1310 = CARTESIAN_POINT ( 'NONE',  ( 1.089520922893837122E-12, -2.400000000000001243, -17.99999999999883116 ) ) ;
#1311 = CYLINDRICAL_SURFACE ( 'NONE', #261, 1.250000000000428546 ) ;
#1312 = CARTESIAN_POINT ( 'NONE',  ( 1.089520922893837122E-12, -2.400000000000001243, -19.25000000000000000 ) ) ;
#1313 = CARTESIAN_POINT ( 'NONE',  ( 0.000000000000000000, -9.500000000000001776, 19.25000000000000000 ) ) ;
#1314 = CARTESIAN_POINT ( 'NONE',  ( -19.24999999999945643, -2.400000000000001243, -5.471179065352771431E-13 ) ) ;
#1315 = AXIS2_PLACEMENT_3D ( 'NONE', #1044, #1173, #1160 ) ;
#1316 = VECTOR ( 'NONE', #1210, 1000.000000000000000 ) ;
#1317 = VECTOR ( 'NONE', #1448, 1000.000000000000000 ) ;
#1318 = EDGE_CURVE ( 'NONE', #185, #984, #629, .T. ) ;
#1319 = CARTESIAN_POINT ( 'NONE',  ( 19.25000000000054001, -2.400000000000001243, -1.249999999999883871 ) ) ;
#1320 = DIRECTION ( 'NONE',  ( 0.000000000000000000, -0.000000000000000000, 1.000000000000000000 ) ) ;
#1321 = LINE ( 'NONE', #1109, #977 ) ;
#1322 = PRESENTATION_LAYER_ASSIGNMENT (  '', '', ( #1610 ) ) ;
#1323 = CARTESIAN_POINT ( 'NONE',  ( -10.99999999999968914, 19.10000000000000142, 3.126388037344440818E-13 ) ) ;
#1324 = EDGE_LOOP ( 'NONE', ( #826, #937, #506, #720 ) ) ;
#1325 = EDGE_LOOP ( 'NONE', ( #245, #1299, #541, #1157 ) ) ;
#1326 = ADVANCED_FACE ( 'NONE', ( #686 ), #294, .F. ) ;
#1327 = ORIENTED_EDGE ( 'NONE', *, *, #339, .F. ) ;
#1328 = ORIENTED_EDGE ( 'NONE', *, *, #638, .F. ) ;
#1329 = DIRECTION ( 'NONE',  ( 0.000000000000000000, 0.000000000000000000, 1.000000000000000000 ) ) ;
#1330 = DIRECTION ( 'NONE',  ( -0.000000000000000000, 1.000000000000000000, -0.000000000000000000 ) ) ;
#1331 = CYLINDRICAL_SURFACE ( 'NONE', #750, 1.250000000000428546 ) ;
#1332 = PLANE ( 'NONE',  #1072 ) ;
#1333 = PLANE ( 'NONE',  #11 ) ;
#1334 = DIRECTION ( 'NONE',  ( 0.000000000000000000, 0.000000000000000000, -1.000000000000000000 ) ) ;
#1335 = CYLINDRICAL_SURFACE ( 'NONE', #1436, 1.250000000000001110 ) ;
#1336 = AXIS2_PLACEMENT_3D ( 'NONE', #840, #852, #1221 ) ;
#1337 = ORIENTED_EDGE ( 'NONE', *, *, #13, .T. ) ;
#1338 = EDGE_CURVE ( 'NONE', #1179, #207, #28, .T. ) ;
#1339 = VERTEX_POINT ( 'NONE', #297 ) ;
#1340 = DIRECTION ( 'NONE',  ( -0.000000000000000000, -1.000000000000000000, -0.000000000000000000 ) ) ;
#1341 = DIRECTION ( 'NONE',  ( 0.000000000000000000, 1.000000000000000000, 0.000000000000000000 ) ) ;
#1342 = ORIENTED_EDGE ( 'NONE', *, *, #1227, .T. ) ;
#1343 = ORIENTED_EDGE ( 'NONE', *, *, #1480, .F. ) ;
#1344 = MECHANICAL_DESIGN_GEOMETRIC_PRESENTATION_REPRESENTATION (  '', ( #1610 ), #1544 ) ;
#1345 = DIRECTION ( 'NONE',  ( 0.000000000000000000, 0.000000000000000000, 1.000000000000000000 ) ) ;
#1346 = ORIENTED_EDGE ( 'NONE', *, *, #345, .T. ) ;
#1347 = ORIENTED_EDGE ( 'NONE', *, *, #1381, .T. ) ;
#1348 = CARTESIAN_POINT ( 'NONE',  ( 6.225833845107639398E-13, 19.10000000000000142, 12.50000000000066791 ) ) ;
#1349 = DIRECTION ( 'NONE',  ( 0.000000000000000000, 0.000000000000000000, -1.000000000000000000 ) ) ;
#1350 = FACE_OUTER_BOUND ( 'NONE', #1556, .T. ) ;
#1351 =( NAMED_UNIT ( * ) SI_UNIT ( $, .STERADIAN. ) SOLID_ANGLE_UNIT ( ) );
#1352 = CARTESIAN_POINT ( 'NONE',  ( 0.000000000000000000, -2.400000000000001243, 19.25000000000000000 ) ) ;
#1353 = AXIS2_PLACEMENT_3D ( 'NONE', #957, #1085, #1207 ) ;
#1354 = DIRECTION ( 'NONE',  ( 0.000000000000000000, 1.000000000000000000, 0.000000000000000000 ) ) ;
#1355 = VECTOR ( 'NONE', #548, 1000.000000000000000 ) ;
#1356 =( NAMED_UNIT ( * ) PLANE_ANGLE_UNIT ( ) SI_UNIT ( $, .RADIAN. ) );
#1357 = DIRECTION ( 'NONE',  ( -0.000000000000000000, 1.000000000000000000, -0.000000000000000000 ) ) ;
#1358 = FACE_BOUND ( 'NONE', #224, .T. ) ;
#1359 = CYLINDRICAL_SURFACE ( 'NONE', #51, 1.250000000000001110 ) ;
#1360 = VERTEX_POINT ( 'NONE', #688 ) ;
#1361 = ORIENTED_EDGE ( 'NONE', *, *, #810, .F. ) ;
#1362 = CARTESIAN_POINT ( 'NONE',  ( 0.000000000000000000, 5.599999999999996092, -22.50000000000000355 ) ) ;
#1363 = AXIS2_PLACEMENT_3D ( 'NONE', #352, #955, #1345 ) ;
#1364 = VERTEX_POINT ( 'NONE', #800 ) ;
#1365 = DIRECTION ( 'NONE',  ( 0.000000000000000000, -1.000000000000000000, 0.000000000000000000 ) ) ;
#1366 = ORIENTED_EDGE ( 'NONE', *, *, #313, .T. ) ;
#1367 = DIRECTION ( 'NONE',  ( 0.000000000000000000, 0.000000000000000000, -1.000000000000000000 ) ) ;
#1368 = DIRECTION ( 'NONE',  ( 0.000000000000000000, 0.000000000000000000, -1.000000000000000000 ) ) ;
#1369 = SHAPE_DEFINITION_REPRESENTATION ( #754, #1067 ) ;
#1370 = DIRECTION ( 'NONE',  ( 0.000000000000000000, 0.000000000000000000, 1.000000000000000000 ) ) ;
#1371 = AXIS2_PLACEMENT_3D ( 'NONE', #1578, #1186, #1367 ) ;
#1372 = ADVANCED_FACE ( 'NONE', ( #1267, #1589, #338, #1391, #1247 ), #427, .F. ) ;
#1373 = EDGE_CURVE ( 'NONE', #1102, #1385, #904, .T. ) ;
#1374 = CARTESIAN_POINT ( 'NONE',  ( -19.24999999999945643, -4.000000000000000888, -5.471179065352771431E-13 ) ) ;
#1375 = AXIS2_PLACEMENT_3D ( 'NONE', #1314, #1201, #694 ) ;
#1376 = VECTOR ( 'NONE', #593, 1000.000000000000000 ) ;
#1377 = DIRECTION ( 'NONE',  ( 0.000000000000000000, -1.000000000000000000, 0.000000000000000000 ) ) ;
#1378 = ORIENTED_EDGE ( 'NONE', *, *, #1058, .T. ) ;
#1379 = CARTESIAN_POINT ( 'NONE',  ( 0.000000000000000000, -4.000000000000000888, 23.00000000000000000 ) ) ;
#1380 = ORIENTED_EDGE ( 'NONE', *, *, #780, .F. ) ;
#1381 = EDGE_CURVE ( 'NONE', #421, #657, #1430, .T. ) ;
#1382 = EDGE_LOOP ( 'NONE', ( #384, #97 ) ) ;
#1383 = EDGE_LOOP ( 'NONE', ( #581, #483 ) ) ;
#1384 = DIRECTION ( 'NONE',  ( 0.000000000000000000, 0.000000000000000000, 1.000000000000000000 ) ) ;
#1385 = VERTEX_POINT ( 'NONE', #1563 ) ;
#1386 = AXIS2_PLACEMENT_3D ( 'NONE', #209, #929, #91 ) ;
#1387 = DIRECTION ( 'NONE',  ( 0.000000000000000000, 0.8304888712735780665, 0.5570352185371569842 ) ) ;
#1388 = ADVANCED_FACE ( 'NONE', ( #1125 ), #1472, .T. ) ;
#1389 = CARTESIAN_POINT ( 'NONE',  ( 0.000000000000000000, 5.599999999999996092, 0.000000000000000000 ) ) ;
#1390 = DIRECTION ( 'NONE',  ( 0.000000000000000000, 1.000000000000000000, 0.000000000000000000 ) ) ;
#1391 = FACE_BOUND ( 'NONE', #54, .T. ) ;
#1392 = CARTESIAN_POINT ( 'NONE',  ( -10.99999999999968914, 22.10000000000000142, 1.500000000000812017 ) ) ;
#1393 = VECTOR ( 'NONE', #767, 1000.000000000000000 ) ;
#1394 = CARTESIAN_POINT ( 'NONE',  ( -19.24999999999945643, -2.400000000000001243, -1.250000000001422418 ) ) ;
#1395 = EDGE_CURVE ( 'NONE', #1364, #735, #1509, .T. ) ;
#1396 = DIRECTION ( 'NONE',  ( -0.000000000000000000, 1.000000000000000000, -0.000000000000000000 ) ) ;
#1397 = DIRECTION ( 'NONE',  ( 0.000000000000000000, 0.000000000000000000, 1.000000000000000000 ) ) ;
#1398 = LINE ( 'NONE', #96, #733 ) ;
#1399 = FACE_BOUND ( 'NONE', #659, .T. ) ;
#1400 = LINE ( 'NONE', #1117, #363 ) ;
#1401 = EDGE_LOOP ( 'NONE', ( #624, #958, #983, #1089 ) ) ;
#1402 = AXIS2_PLACEMENT_3D ( 'NONE', #547, #674, #60 ) ;
#1403 = PRODUCT_CONTEXT ( 'NONE', #968, 'mechanical' ) ;
#1404 = ORIENTED_EDGE ( 'NONE', *, *, #1237, .F. ) ;
#1405 = ORIENTED_EDGE ( 'NONE', *, *, #1307, .F. ) ;
#1406 = EDGE_CURVE ( 'NONE', #582, #1298, #1309, .T. ) ;
#1407 = CARTESIAN_POINT ( 'NONE',  ( 2.755455298081545172E-15, 5.599999999999996092, 22.50000000000000355 ) ) ;
#1408 = CARTESIAN_POINT ( 'NONE',  ( 5.204748896376250699E-16, 22.10000000000000142, -4.250000000000000000 ) ) ;
#1409 = AXIS2_PLACEMENT_3D ( 'NONE', #260, #157, #806 ) ;
#1410 = EDGE_CURVE ( 'NONE', #735, #1364, #1547, .T. ) ;
#1411 = DIRECTION ( 'NONE',  ( 0.000000000000000000, 0.000000000000000000, 1.000000000000000000 ) ) ;
#1412 = CYLINDRICAL_SURFACE ( 'NONE', #631, 1.500000000000243583 ) ;
#1413 = AXIS2_PLACEMENT_3D ( 'NONE', #184, #906, #454 ) ;
#1414 = CARTESIAN_POINT ( 'NONE',  ( -19.24999999999945643, -9.500000000000001776, -5.471179065352771431E-13 ) ) ;
#1415 = VECTOR ( 'NONE', #1487, 1000.000000000000000 ) ;
#1416 = ORIENTED_EDGE ( 'NONE', *, *, #712, .F. ) ;
#1417 = DIRECTION ( 'NONE',  ( 0.000000000000000000, 0.000000000000000000, -1.000000000000000000 ) ) ;
#1418 = ORIENTED_EDGE ( 'NONE', *, *, #1045, .T. ) ;
#1419 = ORIENTED_EDGE ( 'NONE', *, *, #1518, .F. ) ;
#1420 = DIRECTION ( 'NONE',  ( 0.000000000000000000, 1.000000000000000000, 0.000000000000000000 ) ) ;
#1421 = EDGE_LOOP ( 'NONE', ( #59, #702, #1135, #809 ) ) ;
#1422 = ORIENTED_EDGE ( 'NONE', *, *, #390, .F. ) ;
#1423 = VERTEX_POINT ( 'NONE', #928 ) ;
#1424 = PRODUCT_DEFINITION_FORMATION_WITH_SPECIFIED_SOURCE ( '任何', '', #1074, .NOT_KNOWN. ) ;
#1425 = EDGE_CURVE ( 'NONE', #498, #1059, #255, .T. ) ;
#1426 = DIRECTION ( 'NONE',  ( -0.000000000000000000, 1.000000000000000000, -0.000000000000000000 ) ) ;
#1427 = DIRECTION ( 'NONE',  ( 0.000000000000000000, 1.000000000000000000, 0.000000000000000000 ) ) ;
#1428 = LINE ( 'NONE', #614, #392 ) ;
#1429 = AXIS2_PLACEMENT_3D ( 'NONE', #136, #876, #1128 ) ;
#1430 = CIRCLE ( 'NONE', #1056, 1.250000000001170397 ) ;
#1431 = DIRECTION ( 'NONE',  ( -0.000000000000000000, 1.000000000000000000, -0.000000000000000000 ) ) ;
#1432 = CARTESIAN_POINT ( 'NONE',  ( 0.000000000000000000, 0.000000000000000000, 0.000000000000000000 ) ) ;
#1433 = ADVANCED_FACE ( 'NONE', ( #1205 ), #1184, .T. ) ;
#1434 = CIRCLE ( 'NONE', #1123, 22.50000000000000355 ) ;
#1435 = DIRECTION ( 'NONE',  ( 0.000000000000000000, -1.000000000000000000, 0.000000000000000000 ) ) ;
#1436 = AXIS2_PLACEMENT_3D ( 'NONE', #1163, #538, #785 ) ;
#1437 = FACE_OUTER_BOUND ( 'NONE', #1115, .T. ) ;
#1438 = ORIENTED_EDGE ( 'NONE', *, *, #566, .F. ) ;
#1439 = VECTOR ( 'NONE', #969, 1000.000000000000000 ) ;
#1440 = ADVANCED_FACE ( 'NONE', ( #966 ), #49, .F. ) ;
#1441 = APPLICATION_PROTOCOL_DEFINITION ( 'draft international standard', 'automotive_design', 1998, #507 ) ;
#1442 = VERTEX_POINT ( 'NONE', #576 ) ;
#1443 = ORIENTED_EDGE ( 'NONE', *, *, #303, .F. ) ;
#1444 = ORIENTED_EDGE ( 'NONE', *, *, #450, .F. ) ;
#1445 = CARTESIAN_POINT ( 'NONE',  ( 22.50000000000000355, 4.099999999999998757, 0.000000000000000000 ) ) ;
#1446 = VERTEX_POINT ( 'NONE', #453 ) ;
#1447 = DIRECTION ( 'NONE',  ( 0.000000000000000000, 0.000000000000000000, -1.000000000000000000 ) ) ;
#1448 = DIRECTION ( 'NONE',  ( -0.000000000000000000, 1.000000000000000000, -0.000000000000000000 ) ) ;
#1449 = AXIS2_PLACEMENT_3D ( 'NONE', #1560, #664, #1035 ) ;
#1450 = ADVANCED_FACE ( 'NONE', ( #886 ), #1333, .T. ) ;
#1451 = DIRECTION ( 'NONE',  ( 0.000000000000000000, 0.000000000000000000, -1.000000000000000000 ) ) ;
#1452 = DIRECTION ( 'NONE',  ( -0.000000000000000000, 1.000000000000000000, -0.000000000000000000 ) ) ;
#1453 = DIRECTION ( 'NONE',  ( 0.000000000000000000, -1.000000000000000000, 0.000000000000000000 ) ) ;
#1454 = DIRECTION ( 'NONE',  ( 0.000000000000000000, -1.000000000000000000, 0.000000000000000000 ) ) ;
#1455 = AXIS2_PLACEMENT_3D ( 'NONE', #302, #796, #77 ) ;
#1456 = ADVANCED_FACE ( 'NONE', ( #798 ), #1331, .T. ) ;
#1457 = EDGE_CURVE ( 'NONE', #1360, #699, #1562, .T. ) ;
#1458 = CYLINDRICAL_SURFACE ( 'NONE', #44, 23.50000000000000000 ) ;
#1459 = DIRECTION ( 'NONE',  ( 0.000000000000000000, 0.000000000000000000, 1.000000000000000000 ) ) ;
#1460 = DIRECTION ( 'NONE',  ( 0.000000000000000000, 0.000000000000000000, -1.000000000000000000 ) ) ;
#1461 = EDGE_LOOP ( 'NONE', ( #310, #679 ) ) ;
#1462 = AXIS2_PLACEMENT_3D ( 'NONE', #549, #1427, #1550 ) ;
#1463 = VERTEX_POINT ( 'NONE', #1213 ) ;
#1464 = ORIENTED_EDGE ( 'NONE', *, *, #1425, .F. ) ;
#1465 = ORIENTED_EDGE ( 'NONE', *, *, #1594, .T. ) ;
#1466 = DIRECTION ( 'NONE',  ( -0.000000000000000000, -1.000000000000000000, -0.000000000000000000 ) ) ;
#1467 = DIRECTION ( 'NONE',  ( 0.000000000000000000, -0.000000000000000000, -1.000000000000000000 ) ) ;
#1468 = EDGE_LOOP ( 'NONE', ( #1501, #504, #1418, #1517 ) ) ;
#1469 = CARTESIAN_POINT ( 'NONE',  ( 2.755455298081545172E-15, 7.600000000000003197, 22.50000000000000355 ) ) ;
#1470 = CARTESIAN_POINT ( 'NONE',  ( 23.50000000000000000, 8.100000000000003197, 0.000000000000000000 ) ) ;
#1471 = CARTESIAN_POINT ( 'NONE',  ( 1.089520922893837122E-12, -9.500000000000001776, -19.25000000000000000 ) ) ;
#1472 = CONICAL_SURFACE ( 'NONE', #470, 23.50000000000000000, 0.7853981633974482790 ) ;
#1473 = DIRECTION ( 'NONE',  ( 0.000000000000000000, 0.000000000000000000, 1.000000000000000000 ) ) ;
#1474 = AXIS2_PLACEMENT_3D ( 'NONE', #1470, #838, #223 ) ;
#1475 = CARTESIAN_POINT ( 'NONE',  ( 6.227670815306361814E-13, 19.10000000000000142, 9.499999999999330313 ) ) ;
#1476 =( NAMED_UNIT ( * ) PLANE_ANGLE_UNIT ( ) SI_UNIT ( $, .RADIAN. ) );
#1477 = DIRECTION ( 'NONE',  ( 0.000000000000000000, 0.000000000000000000, -1.000000000000000000 ) ) ;
#1478 = LINE ( 'NONE', #175, #1272 ) ;
#1479 = CARTESIAN_POINT ( 'NONE',  ( 11.00000000000030909, 19.10000000000000142, 1.499999999999932054 ) ) ;
#1480 = EDGE_CURVE ( 'NONE', #1084, #1503, #140, .T. ) ;
#1481 = CIRCLE ( 'NONE', #123, 1.499999999999999556 ) ;
#1482 = CARTESIAN_POINT ( 'NONE',  ( 1.530808498934191817E-16, -2.400000000000001243, 18.00000000000000000 ) ) ;
#1483 = ORIENTED_EDGE ( 'NONE', *, *, #704, .T. ) ;
#1484 = ORIENTED_EDGE ( 'NONE', *, *, #13, .F. ) ;
#1485 = ORIENTED_EDGE ( 'NONE', *, *, #893, .F. ) ;
#1486 = ORIENTED_EDGE ( 'NONE', *, *, #682, .F. ) ;
#1487 = DIRECTION ( 'NONE',  ( -0.000000000000000000, 1.000000000000000000, -0.000000000000000000 ) ) ;
#1488 = DIRECTION ( 'NONE',  ( 0.000000000000000000, 0.000000000000000000, 1.000000000000000000 ) ) ;
#1489 = EDGE_CURVE ( 'NONE', #186, #984, #471, .T. ) ;
#1490 = CARTESIAN_POINT ( 'NONE',  ( 19.25000000000054001, -4.000000000000000888, 5.447604614469185609E-13 ) ) ;
#1491 = FACE_BOUND ( 'NONE', #1105, .T. ) ;
#1492 = DIRECTION ( 'NONE',  ( -0.000000000000000000, 1.000000000000000000, -0.000000000000000000 ) ) ;
#1493 = AXIS2_PLACEMENT_3D ( 'NONE', #290, #948, #1049 ) ;
#1494 = SURFACE_STYLE_USAGE ( .BOTH. , #237 ) ;
#1495 = FACE_BOUND ( 'NONE', #242, .T. ) ;
#1496 = CARTESIAN_POINT ( 'NONE',  ( 6.225833845107639398E-13, 19.10000000000000142, 11.00000000000000000 ) ) ;
#1497 = EDGE_CURVE ( 'NONE', #843, #10, #612, .T. ) ;
#1498 = ORIENTED_EDGE ( 'NONE', *, *, #1559, .T. ) ;
#1499 = EDGE_LOOP ( 'NONE', ( #464, #776 ) ) ;
#1500 = AXIS2_PLACEMENT_3D ( 'NONE', #461, #449, #436 ) ;
#1501 = ORIENTED_EDGE ( 'NONE', *, *, #801, .F. ) ;
#1502 = VERTEX_POINT ( 'NONE', #596 ) ;
#1503 = VERTEX_POINT ( 'NONE', #1077 ) ;
#1504 = ADVANCED_FACE ( 'NONE', ( #924 ), #105, .T. ) ;
#1505 = CARTESIAN_POINT ( 'NONE',  ( 0.000000000000000000, 0.000000000000000000, 0.000000000000000000 ) ) ;
#1506 = UNCERTAINTY_MEASURE_WITH_UNIT (LENGTH_MEASURE( 1.000000000000000082E-05 ), #391, 'distance_accuracy_value', 'NONE');
#1507 = CYLINDRICAL_SURFACE ( 'NONE', #992, 1.500000000000669242 ) ;
#1508 = PRODUCT_DEFINITION ( '未知', '', #1424, #1597 ) ;
#1509 = CIRCLE ( 'NONE', #1455, 1.500000000000499378 ) ;
#1510 = EDGE_CURVE ( 'NONE', #268, #1234, #429, .T. ) ;
#1511 = AXIS2_PLACEMENT_3D ( 'NONE', #406, #395, #282 ) ;
#1512 = CARTESIAN_POINT ( 'NONE',  ( 19.25000000000054001, -9.500000000000001776, 5.447604614469185609E-13 ) ) ;
#1513 = CONICAL_SURFACE ( 'NONE', #1449, 23.50000000000000000, 0.7853981633974482790 ) ;
#1514 = DIRECTION ( 'NONE',  ( -0.000000000000000000, 1.000000000000000000, -0.000000000000000000 ) ) ;
#1515 = LINE ( 'NONE', #289, #932 ) ;
#1516 = DIRECTION ( 'NONE',  ( -0.000000000000000000, 1.000000000000000000, -0.000000000000000000 ) ) ;
#1517 = ORIENTED_EDGE ( 'NONE', *, *, #993, .F. ) ;
#1518 = EDGE_CURVE ( 'NONE', #542, #843, #1043, .T. ) ;
#1519 = ORIENTED_EDGE ( 'NONE', *, *, #1129, .F. ) ;
#1520 = ORIENTED_EDGE ( 'NONE', *, *, #887, .F. ) ;
#1521 = CARTESIAN_POINT ( 'NONE',  ( 0.000000000000000000, -4.000000000000000888, 19.25000000000000000 ) ) ;
#1522 = ORIENTED_EDGE ( 'NONE', *, *, #145, .F. ) ;
#1523 = AXIS2_PLACEMENT_3D ( 'NONE', #401, #31, #1141 ) ;
#1524 = DIRECTION ( 'NONE',  ( 8.659560562354932858E-17, -0.7071067811865474617, 0.7071067811865474617 ) ) ;
#1525 = DIRECTION ( 'NONE',  ( 0.000000000000000000, -1.000000000000000000, 0.000000000000000000 ) ) ;
#1526 = CIRCLE ( 'NONE', #444, 4.250000000000000000 ) ;
#1527 = CIRCLE ( 'NONE', #1523, 1.250000000000875300 ) ;
#1528 = CARTESIAN_POINT ( 'NONE',  ( 0.000000000000000000, -4.000000000000000888, 0.000000000000000000 ) ) ;
#1529 = AXIS2_PLACEMENT_3D ( 'NONE', #851, #845, #601 ) ;
#1530 = DIRECTION ( 'NONE',  ( 0.000000000000000000, 0.000000000000000000, -1.000000000000000000 ) ) ;
#1531 = CYLINDRICAL_SURFACE ( 'NONE', #328, 1.250000000001170397 ) ;
#1532 = CIRCLE ( 'NONE', #649, 4.250000000000000000 ) ;
#1533 = EDGE_LOOP ( 'NONE', ( #1537, #523, #681, #1260 ) ) ;
#1534 = CARTESIAN_POINT ( 'NONE',  ( 19.25000000000054001, 4.099999999999998757, 5.447604614469185609E-13 ) ) ;
#1535 = ORIENTED_EDGE ( 'NONE', *, *, #1395, .T. ) ;
#1536 = AXIS2_PLACEMENT_3D ( 'NONE', #333, #1188, #219 ) ;
#1537 = ORIENTED_EDGE ( 'NONE', *, *, #1142, .F. ) ;
#1538 = ORIENTED_EDGE ( 'NONE', *, *, #780, .T. ) ;
#1539 = EDGE_CURVE ( 'NONE', #1298, #1583, #763, .T. ) ;
#1540 = CARTESIAN_POINT ( 'NONE',  ( 2.755455298081545172E-15, 0.000000000000000000, 22.50000000000000355 ) ) ;
#1541 = ORIENTED_EDGE ( 'NONE', *, *, #397, .F. ) ;
#1542 = EDGE_LOOP ( 'NONE', ( #463, #673, #879, #898 ) ) ;
#1543 = DIRECTION ( 'NONE',  ( 0.000000000000000000, 0.000000000000000000, 1.000000000000000000 ) ) ;
#1544 =( GEOMETRIC_REPRESENTATION_CONTEXT ( 3 ) GLOBAL_UNCERTAINTY_ASSIGNED_CONTEXT ( ( #1506 ) ) GLOBAL_UNIT_ASSIGNED_CONTEXT ( ( #391, #516, #533 ) ) REPRESENTATION_CONTEXT ( 'NONE', 'WORKASPACE' ) );
#1545 = CARTESIAN_POINT ( 'NONE',  ( 0.000000000000000000, 21.60000000000000497, 0.000000000000000000 ) ) ;
#1546 = DIRECTION ( 'NONE',  ( 0.000000000000000000, 1.000000000000000000, 0.000000000000000000 ) ) ;
#1547 = CIRCLE ( 'NONE', #550, 1.500000000000499378 ) ;
#1548 = DIRECTION ( 'NONE',  ( 0.000000000000000000, 0.000000000000000000, -1.000000000000000000 ) ) ;
#1549 = AXIS2_PLACEMENT_3D ( 'NONE', #411, #797, #910 ) ;
#1550 = DIRECTION ( 'NONE',  ( 0.000000000000000000, 0.000000000000000000, 1.000000000000000000 ) ) ;
#1551 = VECTOR ( 'NONE', #669, 1000.000000000000000 ) ;
#1552 = ADVANCED_FACE ( 'NONE', ( #1226 ), #831, .F. ) ;
#1553 = CARTESIAN_POINT ( 'NONE',  ( 2.755455298081545172E-15, 0.000000000000000000, 22.50000000000000355 ) ) ;
#1554 = EDGE_LOOP ( 'NONE', ( #1118, #130 ) ) ;
#1555 = ORIENTED_EDGE ( 'NONE', *, *, #1045, .F. ) ;
#1556 = EDGE_LOOP ( 'NONE', ( #168, #789, #583, #584 ) ) ;
#1557 = VERTEX_POINT ( 'NONE', #1570 ) ;
#1558 = DIRECTION ( 'NONE',  ( 0.000000000000000000, 1.000000000000000000, 0.000000000000000000 ) ) ;
#1559 = EDGE_CURVE ( 'NONE', #1583, #655, #292, .T. ) ;
#1560 = CARTESIAN_POINT ( 'NONE',  ( 0.000000000000000000, 21.60000000000000497, 0.000000000000000000 ) ) ;
#1561 = ADVANCED_FACE ( 'NONE', ( #1007 ), #706, .T. ) ;
#1562 = CIRCLE ( 'NONE', #644, 4.750000000000000000 ) ;
#1563 = CARTESIAN_POINT ( 'NONE',  ( 1.530808498934191078E-16, -9.500000000000001776, 18.00000000000000000 ) ) ;
#1564 = CIRCLE ( 'NONE', #295, 1.250000000000001110 ) ;
#1565 = CARTESIAN_POINT ( 'NONE',  ( 1.530808498934192064E-16, -9.500000000000001776, 18.00000000000000000 ) ) ;
#1566 = DIRECTION ( 'NONE',  ( 0.000000000000000000, -1.000000000000000000, -0.000000000000000000 ) ) ;
#1567 = AXIS2_PLACEMENT_3D ( 'NONE', #951, #816, #1459 ) ;
#1568 = ADVANCED_FACE ( 'NONE', ( #373 ), #1507, .F. ) ;
#1569 = EDGE_CURVE ( 'NONE', #1102, #284, #1428, .T. ) ;
#1570 = CARTESIAN_POINT ( 'NONE',  ( 2.816687638038912352E-15, -4.000000000000000888, -23.00000000000000000 ) ) ;
#1571 = FACE_OUTER_BOUND ( 'NONE', #1136, .T. ) ;
#1572 = DIRECTION ( 'NONE',  ( 0.000000000000000000, 0.000000000000000000, -1.000000000000000000 ) ) ;
#1573 = FACE_OUTER_BOUND ( 'NONE', #437, .T. ) ;
#1574 = EDGE_CURVE ( 'NONE', #484, #1602, #48, .T. ) ;
#1575 = CIRCLE ( 'NONE', #399, 22.50000000000000355 ) ;
#1576 = CONICAL_SURFACE ( 'NONE', #351, 4.750000000000000000, 0.5908115849236165174 ) ;
#1577 = ORIENTED_EDGE ( 'NONE', *, *, #993, .T. ) ;
#1578 = CARTESIAN_POINT ( 'NONE',  ( 0.000000000000000000, 5.599999999999996092, 0.000000000000000000 ) ) ;
#1579 = ORIENTED_EDGE ( 'NONE', *, *, #377, .T. ) ;
#1580 = ADVANCED_FACE ( 'NONE', ( #491 ), #12, .T. ) ;
#1581 = EDGE_LOOP ( 'NONE', ( #1520, #1328 ) ) ;
#1582 = DIRECTION ( 'NONE',  ( 0.000000000000000000, 0.000000000000000000, -1.000000000000000000 ) ) ;
#1583 = VERTEX_POINT ( 'NONE', #610 ) ;
#1584 = EDGE_LOOP ( 'NONE', ( #424, #753, #1283, #246 ) ) ;
#1585 = DIRECTION ( 'NONE',  ( -0.000000000000000000, 1.000000000000000000, -0.000000000000000000 ) ) ;
#1586 = DIRECTION ( 'NONE',  ( 0.000000000000000000, -1.000000000000000000, 0.000000000000000000 ) ) ;
#1587 = AXIS2_PLACEMENT_3D ( 'NONE', #364, #6, #841 ) ;
#1588 = CARTESIAN_POINT ( 'NONE',  ( 0.000000000000000000, -4.000000000000000888, 0.000000000000000000 ) ) ;
#1589 = FACE_BOUND ( 'NONE', #1461, .T. ) ;
#1590 = DIRECTION ( 'NONE',  ( 0.000000000000000000, 0.000000000000000000, 1.000000000000000000 ) ) ;
#1591 = CARTESIAN_POINT ( 'NONE',  ( 1.089674003743730623E-12, -4.000000000000000888, -20.50000000000116884 ) ) ;
#1592 = PRODUCT_RELATED_PRODUCT_CATEGORY ( 'part', '', ( #1074 ) ) ;
#1593 = CARTESIAN_POINT ( 'NONE',  ( 0.000000000000000000, 8.100000000000003197, 0.000000000000000000 ) ) ;
#1594 = EDGE_CURVE ( 'NONE', #962, #900, #1161, .T. ) ;
#1595 = FACE_BOUND ( 'NONE', #1218, .T. ) ;
#1596 = CARTESIAN_POINT ( 'NONE',  ( -10.99999999999968914, 19.10000000000000142, 3.126388037344440818E-13 ) ) ;
#1597 = PRODUCT_DEFINITION_CONTEXT ( 'detailed design', #507, 'design' ) ;
#1598 = CARTESIAN_POINT ( 'NONE',  ( 11.00000000000030909, 19.10000000000000142, 1.499999999999932054 ) ) ;
#1599 = FACE_OUTER_BOUND ( 'NONE', #350, .T. ) ;
#1600 = AXIS2_PLACEMENT_3D ( 'NONE', #1264, #1525, #880 ) ;
#1601 = ORIENTED_EDGE ( 'NONE', *, *, #1410, .T. ) ;
#1602 = VERTEX_POINT ( 'NONE', #116 ) ;
#1603 = CARTESIAN_POINT ( 'NONE',  ( 1.089674003743730623E-12, -2.400000000000001243, -20.50000000000116884 ) ) ;
#1604 = ORIENTED_EDGE ( 'NONE', *, *, #121, .F. ) ;
#1605 = ORIENTED_EDGE ( 'NONE', *, *, #1406, .T. ) ;
#1606 = DIRECTION ( 'NONE',  ( -0.000000000000000000, 1.000000000000000000, -0.000000000000000000 ) ) ;
#1607 = EDGE_CURVE ( 'NONE', #113, #660, #815, .T. ) ;
#1608 = CARTESIAN_POINT ( 'NONE',  ( 19.25000000000054001, -2.400000000000001243, 1.250000000000973222 ) ) ;
#1609 = FACE_OUTER_BOUND ( 'NONE', #625, .T. ) ;
#1610 = STYLED_ITEM ( 'NONE', ( #2 ), #169 ) ;
#1611 = DIRECTION ( 'NONE',  ( 0.000000000000000000, 0.000000000000000000, 1.000000000000000000 ) ) ;
#1612 = DIRECTION ( 'NONE',  ( 0.000000000000000000, 0.000000000000000000, 1.000000000000000000 ) ) ;
ENDSEC;
END-ISO-10303-21;
